q,p,v,l,timeOnRoad
0.1,0.0,3,5,3.0990963138439156
0.1,0.0,3,10,5.100065728310837
0.1,0.0,3,20,8.100594262338852
0.1,0.0,3,40,15.099192771020398
0.1,0.0,3,80,28.100178281346906
0.1,0.0,6,5,3.1009510524650823
0.1,0.0,6,10,4.099485721972086
0.1,0.0,6,20,6.098802927140184
0.1,0.0,6,40,10.100010959593291
0.1,0.0,6,80,16.10025547295214
0.1,0.0,9,5,3.0994703803460864
0.1,0.0,9,10,4.099651062161717
0.1,0.0,9,20,6.099034771641786
0.1,0.0,9,40,9.100420524210467
0.1,0.0,9,80,13.09937296915597
0.1,0.0,12,5,3.1000990387082674
0.1,0.0,12,10,4.10094254440875
0.1,0.0,12,20,6.098768259218694
0.1,0.0,12,40,9.098525752708749
0.1,0.0,12,80,13.099335464611231
0.1,0.1,3,5,3.312165813749144
0.1,0.1,3,10,5.242881640671501
0.1,0.1,3,20,8.425937929673966
0.1,0.1,3,40,15.418881027335773
0.1,0.1,3,80,29.197865398691203
0.1,0.1,6,5,3.3137300064720256
0.1,0.1,6,10,4.510702675026433
0.1,0.1,6,20,6.609356151347253
0.1,0.1,6,40,10.322882605893797
0.1,0.1,6,80,16.834523103513416
0.1,0.1,9,5,3.3121382585395027
0.1,0.1,9,10,4.5025286884229105
0.1,0.1,9,20,6.603612808134226
0.1,0.1,9,40,9.570697409641674
0.1,0.1,9,80,13.92146548304803
0.1,0.1,12,5,3.3151499136642504
0.1,0.1,12,10,4.5088555499039735
0.1,0.1,12,20,6.60292131844099
0.1,0.1,12,40,9.571704783690388
0.1,0.1,12,80,13.562174782251294
0.1,0.2,3,5,3.564671654334067
0.1,0.2,3,10,5.472879548559941
0.1,0.2,3,20,8.89959336991174
0.1,0.2,3,40,16.09468659367759
0.1,0.2,3,80,30.41910093862898
0.1,0.2,6,5,3.562931368410962
0.1,0.2,6,10,4.942783109909427
0.1,0.2,6,20,7.144884682528713
0.1,0.2,6,40,10.755203708330212
0.1,0.2,6,80,17.58950842258312
0.1,0.2,9,5,3.5667206610731856
0.1,0.2,9,10,4.9377461914254415
0.1,0.2,9,20,7.143655535614931
0.1,0.2,9,40,10.194157284716193
0.1,0.2,9,80,14.786271073085635
0.1,0.2,12,5,3.5681816307664813
0.1,0.2,12,10,4.943494383418377
0.1,0.2,12,20,7.139781919862636
0.1,0.2,12,40,10.191392117367297
0.1,0.2,12,80,14.385479084128525
0.1,0.30000000000000004,3,5,3.8746393350791934
0.1,0.30000000000000004,3,10,5.815327878469044
0.1,0.30000000000000004,3,20,9.460579427803415
0.1,0.30000000000000004,3,40,16.906355403347842
0.1,0.30000000000000004,3,80,31.77579078887461
0.1,0.30000000000000004,6,5,3.873475084570068
0.1,0.30000000000000004,6,10,5.424721301695956
0.1,0.30000000000000004,6,20,7.76724755922562
0.1,0.30000000000000004,6,40,11.397960405858163
0.1,0.30000000000000004,6,80,18.39980247380099
0.1,0.30000000000000004,9,5,3.873629946711054
0.1,0.30000000000000004,9,10,5.431966446266757
0.1,0.30000000000000004,9,20,7.753103749476339
0.1,0.30000000000000004,9,40,10.981890471284917
0.1,0.30000000000000004,9,80,15.779807195448575
0.1,0.30000000000000004,12,5,3.8748392957176323
0.1,0.30000000000000004,12,10,5.430182176240487
0.1,0.30000000000000004,12,20,7.762632598703824
0.1,0.30000000000000004,12,40,10.977230829244853
0.1,0.30000000000000004,12,80,15.469538576609068
0.1,0.4,3,5,4.262651575126843
0.1,0.4,3,10,6.277507419465727
0.1,0.4,3,20,10.116804366040135
0.1,0.4,3,40,17.859213071487304
0.1,0.4,3,80,33.32762809951398
0.1,0.4,6,5,4.2655610555212675
0.1,0.4,6,10,6.011543695967003
0.1,0.4,6,20,8.507493090595647
0.1,0.4,6,40,12.260620790499251
0.1,0.4,6,80,19.4268734778309
0.1,0.4,9,5,4.266065337105373
0.1,0.4,9,10,6.0023346105698305
0.1,0.4,9,20,8.500989084369936
0.1,0.4,9,40,11.986447339063641
0.1,0.4,9,80,17.04061444880784
0.1,0.4,12,5,4.270218282600065
0.1,0.4,12,10,6.010473892306307
0.1,0.4,12,20,8.503612917581862
0.1,0.4,12,40,11.968812372565361
0.1,0.4,12,80,16.86084496521305
0.1,0.5,3,5,4.784402899281009
0.1,0.5,3,10,6.942512357779706
0.1,0.5,3,20,10.960571763143086
0.1,0.5,3,40,19.0122741673354
0.1,0.5,3,80,35.105261399080725
0.1,0.5,6,5,4.790690022540023
0.1,0.5,6,10,6.744915415433285
0.1,0.5,6,20,9.478661302554627
0.1,0.5,6,40,13.483569960686086
0.1,0.5,6,80,20.791158444434647
0.1,0.5,9,5,4.783413269333082
0.1,0.5,9,10,6.748493240488796
0.1,0.5,9,20,9.455626824116134
0.1,0.5,9,40,13.307464789524799
0.1,0.5,9,80,18.77490895034213
0.1,0.5,12,5,4.790336719617674
0.1,0.5,12,10,6.75223299712733
0.1,0.5,12,20,9.47657087694381
0.1,0.5,12,40,13.297612690151302
0.1,0.5,12,80,18.6774449240539
0.1,0.6,3,5,5.49362422165595
0.1,0.6,3,10,7.8520802558106375
0.1,0.6,3,20,12.101140432951668
0.1,0.6,3,40,20.491016274734406
0.1,0.6,3,80,37.255814362314815
0.1,0.6,6,5,5.494265605249025
0.1,0.6,6,10,7.740722848445686
0.1,0.6,6,20,10.817660742240012
0.1,0.6,6,40,15.212162783613808
0.1,0.6,6,80,22.750707845091927
0.1,0.6,9,5,5.503864828066976
0.1,0.6,9,10,7.746873199948836
0.1,0.6,9,20,10.804094143850698
0.1,0.6,9,40,15.12916190341034
0.1,0.6,9,80,21.24581935679246
0.1,0.6,12,5,5.508169275824598
0.1,0.6,12,10,7.760753122504747
0.1,0.6,12,20,10.801375660220074
0.1,0.6,12,40,15.110588998007373
0.1,0.6,12,80,21.205223679716287
0.1,0.7,3,5,6.607190039010909
0.1,0.7,3,10,9.288089086504753
0.1,0.7,3,20,13.837351246058752
0.1,0.7,3,40,22.600569540709667
0.1,0.7,3,80,40.1081046639693
0.1,0.7,6,5,6.609289406680194
0.1,0.7,6,10,9.217887975190422
0.1,0.7,6,20,12.804964563541409
0.1,0.7,6,40,17.90625357183471
0.1,0.7,6,80,25.90837062856664
0.1,0.7,9,5,6.601473074130274
0.1,0.7,9,10,9.208321648232365
0.1,0.7,9,20,12.821549902908526
0.1,0.7,9,40,17.853842083030923
0.1,0.7,9,80,25.031908328233616
0.1,0.7,12,5,6.624647943206603
0.1,0.7,12,10,9.20002438787998
0.1,0.7,12,20,12.801973026880678
0.1,0.7,12,40,17.86206859862378
0.1,0.7,12,80,24.998923739173478
0.1,0.7999999999999999,3,5,8.595264629817999
0.1,0.7999999999999999,3,10,11.790753072822815
0.1,0.7999999999999999,3,20,16.973100544164485
0.1,0.7999999999999999,3,40,26.28798717831864
0.1,0.7999999999999999,3,80,44.56396698387301
0.1,0.7999999999999999,6,5,8.605419677003209
0.1,0.7999999999999999,6,10,11.777777399397145
0.1,0.7999999999999999,6,20,16.341055485670907
0.1,0.7999999999999999,6,40,22.70774250334024
0.1,0.7999999999999999,6,80,32.069596143277856
0.1,0.7999999999999999,9,5,8.592035127635494
0.1,0.7999999999999999,9,10,11.732048385590712
0.1,0.7999999999999999,9,20,16.281987032045446
0.1,0.7999999999999999,9,40,22.708583276893947
0.1,0.7999999999999999,9,80,31.67762289538991
0.1,0.7999999999999999,12,5,8.575569936270709
0.1,0.7999999999999999,12,10,11.742525475554787
0.1,0.7999999999999999,12,20,16.341805189671284
0.1,0.7999999999999999,12,40,22.672687953855096
0.1,0.7999999999999999,12,80,31.777068630867557
0.1,0.8999999999999999,3,5,13.967263172319356
0.1,0.8999999999999999,3,10,17.976275510936457
0.1,0.8999999999999999,3,20,24.927700134604844
0.1,0.8999999999999999,3,40,36.39690858569915
0.1,0.8999999999999999,3,80,56.71812910937958
0.1,0.8999999999999999,6,5,14.032971151439352
0.1,0.8999999999999999,6,10,17.982599883038848
0.1,0.8999999999999999,6,20,24.544688438804886
0.1,0.8999999999999999,6,40,34.71540603913407
0.1,0.8999999999999999,6,80,49.13237107537123
0.1,0.8999999999999999,9,5,13.923872203842704
0.1,0.8999999999999999,9,10,17.939672181920237
0.1,0.8999999999999999,9,20,24.50209185668011
0.1,0.8999999999999999,9,40,34.738285595405074
0.1,0.8999999999999999,9,80,49.31775253998934
0.1,0.8999999999999999,12,5,13.937331212759013
0.1,0.8999999999999999,12,10,17.91811707545395
0.1,0.8999999999999999,12,20,24.489168644100985
0.1,0.8999999999999999,12,40,34.860596480553646
0.1,0.8999999999999999,12,80,49.351793687054275
0.2,0.0,3,5,3.19752048634012
0.2,0.0,3,10,5.20105944418452
0.2,0.0,3,20,8.199704105497414
0.2,0.0,3,40,15.200627345771569
0.2,0.0,3,80,28.199806973152974
0.2,0.0,6,5,3.200487249304755
0.2,0.0,6,10,4.2011040710456875
0.2,0.0,6,20,6.198980416520884
0.2,0.0,6,40,10.198292718573216
0.2,0.0,6,80,16.200292947843874
0.2,0.0,9,5,3.2004187844019736
0.2,0.0,9,10,4.200787017723929
0.2,0.0,9,20,6.198925722122528
0.2,0.0,9,40,9.200377006193575
0.2,0.0,9,80,13.19883896553764
0.2,0.0,12,5,3.199925565336884
0.2,0.0,12,10,4.200019828643708
0.2,0.0,12,20,6.199504562206272
0.2,0.0,12,40,9.19965176864142
0.2,0.0,12,80,13.199943426455004
0.2,0.1,3,5,3.4184369192220254
0.2,0.1,3,10,5.341291169532643
0.2,0.1,3,20,8.531962330077157
0.2,0.1,3,40,15.531721812991059
0.2,0.1,3,80,29.323870879004197
0.2,0.1,6,5,3.4140350113417868
0.2,0.1,6,10,4.610755354434557
0.2,0.1,6,20,6.714488678924485
0.2,0.1,6,40,10.427314168332487
0.2,0.1,6,80,16.942951262679568
0.2,0.1,9,5,3.4139752568860033
0.2,0.1,9,10,4.609457404494767
0.2,0.1,9,20,6.714967573124635
0.2,0.1,9,40,9.680622666185975
0.2,0.1,9,80,14.036381325414409
0.2,0.1,12,5,3.414231846012097
0.2,0.1,12,10,4.6092383541811595
0.2,0.1,12,20,6.713082551006114
0.2,0.1,12,40,9.678664870921752
0.2,0.1,12,80,13.673857879083267
0.2,0.2,3,5,3.672851144090105
0.2,0.2,3,10,5.58135270111574
0.2,0.2,3,20,9.023806003479812
0.2,0.2,3,40,16.236138124900293
0.2,0.2,3,80,30.606360508161412
0.2,0.2,6,5,3.672025303612956
0.2,0.2,6,10,5.057807309015054
0.2,0.2,6,20,7.268028191137787
0.2,0.2,6,40,10.885959624839876
0.2,0.2,6,80,17.727996359895887
0.2,0.2,9,5,3.672186877248841
0.2,0.2,9,10,5.053513710295243
0.2,0.2,9,20,7.274633556510924
0.2,0.2,9,40,10.337655321460275
0.2,0.2,9,80,14.932986234051532
0.2,0.2,12,5,3.67567823890169
0.2,0.2,12,10,5.0478125223296555
0.2,0.2,12,20,7.276063705058144
0.2,0.2,12,40,10.335708855474463
0.2,0.2,12,80,14.545746828067465
0.2,0.30000000000000004,3,5,3.9921916248469107
0.2,0.30000000000000004,3,10,5.937662328933425
0.2,0.30000000000000004,3,20,9.609580010088939
0.2,0.30000000000000004,3,40,17.09961161205729
0.2,0.30000000000000004,3,80,32.049786731012084
0.2,0.30000000000000004,6,5,3.9971752703750143
0.2,0.30000000000000004,6,10,5.571313500203462
0.2,0.30000000000000004,6,20,7.929495001013854
0.2,0.30000000000000004,6,40,11.571397170739319
0.2,0.30000000000000004,6,80,18.58666437118019
0.2,0.30000000000000004,9,5,3.9930353114287755
0.2,0.30000000000000004,9,10,5.571471409503037
0.2,0.30000000000000004,9,20,7.924039395601044
0.2,0.30000000000000004,9,40,11.180783080929116
0.2,0.30000000000000004,9,80,16.005305860670614
0.2,0.30000000000000004,12,5,3.9954202070250915
0.2,0.30000000000000004,12,10,5.572110780348603
0.2,0.30000000000000004,12,20,7.9255302685382105
0.2,0.30000000000000004,12,40,11.175696283979846
0.2,0.30000000000000004,12,80,15.73709199560097
0.2,0.4,3,5,4.4091911004312205
0.2,0.4,3,10,6.4420597014687475
0.2,0.4,3,20,10.330539732206102
0.2,0.4,3,40,18.120772020683273
0.2,0.4,3,80,33.6775322549766
0.2,0.4,6,5,4.40568638719917
0.2,0.4,6,10,6.192313828363751
0.2,0.4,6,20,8.732780282823594
0.2,0.4,6,40,12.53933642112829
0.2,0.4,6,80,19.70270427786902
0.2,0.4,9,5,4.412404984349787
0.2,0.4,9,10,6.189270479343487
0.2,0.4,9,20,8.735446638786664
0.2,0.4,9,40,12.263597929025714
0.2,0.4,9,80,17.398676325668383
0.2,0.4,12,5,4.4041311840227015
0.2,0.4,12,10,6.192477619150079
0.2,0.4,12,20,8.74086102634802
0.2,0.4,12,40,12.269949032404641
0.2,0.4,12,80,17.256916640173095
0.2,0.5,3,5,4.959472945089878
0.2,0.5,3,10,7.164257264252384
0.2,0.5,3,20,11.235899710660078
0.2,0.5,3,40,19.358509253995727
0.2,0.5,3,80,35.56988050637401
0.2,0.5,6,5,4.955482582721848
0.2,0.5,6,10,6.990511964001059
0.2,0.5,6,20,9.803062232846548
0.2,0.5,6,40,13.873317065795913
0.2,0.5,6,80,21.235566109910618
0.2,0.5,9,5,4.954034540953243
0.2,0.5,9,10,6.990256955578649
0.2,0.5,9,20,9.792198542826226
0.2,0.5,9,40,13.736697268163578
0.2,0.5,9,80,19.360672189873
0.2,0.5,12,5,4.951675011583642
0.2,0.5,12,10,6.9899370469926545
0.2,0.5,12,20,9.80166514492586
0.2,0.5,12,40,13.71946659825698
0.2,0.5,12,80,19.253131058042054
0.2,0.6,3,5,5.717455218305073
0.2,0.6,3,10,8.216411852601533
0.2,0.6,3,20,12.515756409928123
0.2,0.6,3,40,20.991653542469226
0.2,0.6,3,80,37.92223620570393
0.2,0.6,6,5,5.726395482664309
0.2,0.6,6,10,8.088552661035532
0.2,0.6,6,20,11.307777180842422
0.2,0.6,6,40,15.823435111610806
0.2,0.6,6,80,23.50706933530332
0.2,0.6,9,5,5.719350195469657
0.2,0.6,9,10,8.110328862411667
0.2,0.6,9,20,11.315906000369585
0.2,0.6,9,40,15.796846531790948
0.2,0.6,9,80,22.129259468349872
0.2,0.6,12,5,5.720965725513078
0.2,0.6,12,10,8.09210309733862
0.2,0.6,12,20,11.321334957451164
0.2,0.6,12,40,15.78784719575713
0.2,0.6,12,80,22.1441249679091
0.2,0.7,3,5,6.878287054898165
0.2,0.7,3,10,9.776526346405626
0.2,0.7,3,20,14.557985869266815
0.2,0.7,3,40,23.46076200486043
0.2,0.7,3,80,41.13990518186111
0.2,0.7,6,5,6.864795927248284
0.2,0.7,6,10,9.719552070738217
0.2,0.7,6,20,13.606515839545695
0.2,0.7,6,40,19.080028034031294
0.2,0.7,6,80,27.44017308620232
0.2,0.7,9,5,6.862784751031445
0.2,0.7,9,10,9.699281091514173
0.2,0.7,9,20,13.643755641289017
0.2,0.7,9,40,19.070569430043562
0.2,0.7,9,80,26.66724299039388
0.2,0.7,12,5,6.879078304895043
0.2,0.7,12,10,9.711771741887635
0.2,0.7,12,20,13.637987940900928
0.2,0.7,12,40,18.987487509314544
0.2,0.7,12,80,26.63280442363745
0.2,0.7999999999999999,3,5,8.916457435697978
0.2,0.7999999999999999,3,10,12.43059856726506
0.2,0.7999999999999999,3,20,18.282583470765935
0.2,0.7999999999999999,3,40,28.151003039857773
0.2,0.7999999999999999,3,80,46.98233976337179
0.2,0.7999999999999999,6,5,8.917129370444213
0.2,0.7999999999999999,6,10,12.44077031797073
0.2,0.7999999999999999,6,20,17.668791165892642
0.2,0.7999999999999999,6,40,25.003074543555666
0.2,0.7999999999999999,6,80,35.7082616142943
0.2,0.7999999999999999,9,5,8.94967626286961
0.2,0.7999999999999999,9,10,12.41815479671999
0.2,0.7999999999999999,9,20,17.745524867756707
0.2,0.7999999999999999,9,40,25.012629226490326
0.2,0.7999999999999999,9,80,35.38721002431486
0.2,0.7999999999999999,12,5,8.948958446139674
0.2,0.7999999999999999,12,10,12.42145036159888
0.2,0.7999999999999999,12,20,17.636416604958164
0.2,0.7999999999999999,12,40,25.022335429723253
0.2,0.7999999999999999,12,80,35.412238517966564
0.2,0.8999999999999999,3,5,14.43864208205735
0.2,0.8999999999999999,3,10,18.724069499624562
0.2,0.8999999999999999,3,20,26.840801731464715
0.2,0.8999999999999999,3,40,42.38029225264212
0.2,0.8999999999999999,3,80,68.19466716868422
0.2,0.8999999999999999,6,5,14.363579136399126
0.2,0.8999999999999999,6,10,18.697802129459404
0.2,0.8999999999999999,6,20,26.72489822223887
0.2,0.8999999999999999,6,40,41.04174075189471
0.2,0.8999999999999999,6,80,63.29529025723914
0.2,0.8999999999999999,9,5,14.331715055427958
0.2,0.8999999999999999,9,10,18.67240409900717
0.2,0.8999999999999999,9,20,26.84171169944078
0.2,0.8999999999999999,9,40,40.39097257822744
0.2,0.8999999999999999,9,80,62.95840089451592
0.2,0.8999999999999999,12,5,14.453421158621133
0.2,0.8999999999999999,12,10,18.691593052327374
0.2,0.8999999999999999,12,20,26.612389858360128
0.2,0.8999999999999999,12,40,41.414115900502765
0.2,0.8999999999999999,12,80,62.87860906158397
0.30000000000000004,0.0,3,5,3.301723221785378
0.30000000000000004,0.0,3,10,5.300100807236637
0.30000000000000004,0.0,3,20,8.29856574536925
0.30000000000000004,0.0,3,40,15.301311129736021
0.30000000000000004,0.0,3,80,28.300290911360758
0.30000000000000004,0.0,6,5,3.3000786469482994
0.30000000000000004,0.0,6,10,4.30019420626487
0.30000000000000004,0.0,6,20,6.3009398198217665
0.30000000000000004,0.0,6,40,10.30128085704843
0.30000000000000004,0.0,6,80,16.29733582336365
0.30000000000000004,0.0,9,5,3.3000181628997054
0.30000000000000004,0.0,9,10,4.298817141470576
0.30000000000000004,0.0,9,20,6.30134340445823
0.30000000000000004,0.0,9,40,9.299850163949285
0.30000000000000004,0.0,9,80,13.301016838254958
0.30000000000000004,0.0,12,5,3.2989321017771527
0.30000000000000004,0.0,12,10,4.299733259596187
0.30000000000000004,0.0,12,20,6.298563999377473
0.30000000000000004,0.0,12,40,9.298009944390927
0.30000000000000004,0.0,12,80,13.29823697070651
0.30000000000000004,0.1,3,5,3.516506166959411
0.30000000000000004,0.1,3,10,5.443723647766604
0.30000000000000004,0.1,3,20,8.63299864424657
0.30000000000000004,0.1,3,40,15.643413258298029
0.30000000000000004,0.1,3,80,29.45795723694671
0.30000000000000004,0.1,6,5,3.5194283781700197
0.30000000000000004,0.1,6,10,4.713608092038448
0.30000000000000004,0.1,6,20,6.82000776254158
0.30000000000000004,0.1,6,40,10.527724308880524
0.30000000000000004,0.1,6,80,17.05135148680186
0.30000000000000004,0.1,9,5,3.5164001405542127
0.30000000000000004,0.1,9,10,4.715210533174404
0.30000000000000004,0.1,9,20,6.821426582077374
0.30000000000000004,0.1,9,40,9.790991302491609
0.30000000000000004,0.1,9,80,14.155606386764347
0.30000000000000004,0.1,12,5,3.515707055643954
0.30000000000000004,0.1,12,10,4.7122488518428565
0.30000000000000004,0.1,12,20,6.821090498693241
0.30000000000000004,0.1,12,40,9.790615521595418
0.30000000000000004,0.1,12,80,13.785828906363625
0.30000000000000004,0.2,3,5,3.78305034549107
0.30000000000000004,0.2,3,10,5.693159202978741
0.30000000000000004,0.2,3,20,9.144400621409478
0.30000000000000004,0.2,3,40,16.378651648596083
0.30000000000000004,0.2,3,80,30.81394218948263
0.30000000000000004,0.2,6,5,3.7833871005594455
0.30000000000000004,0.2,6,10,5.179935030077327
0.30000000000000004,0.2,6,20,7.3993852318941435
0.30000000000000004,0.2,6,40,11.016481246189988
0.30000000000000004,0.2,6,80,17.864040183295046
0.30000000000000004,0.2,9,5,3.7817929611514502
0.30000000000000004,0.2,9,10,5.177279345415327
0.30000000000000004,0.2,9,20,7.401964516940113
0.30000000000000004,0.2,9,40,10.48104902256972
0.30000000000000004,0.2,9,80,15.090057532637324
0.30000000000000004,0.2,12,5,3.7848047879407782
0.30000000000000004,0.2,12,10,5.174389823381222
0.30000000000000004,0.2,12,20,7.401665345332658
0.30000000000000004,0.2,12,40,10.475451355347072
0.30000000000000004,0.2,12,80,14.719274036516682
0.30000000000000004,0.30000000000000004,3,5,4.115924765910872
0.30000000000000004,0.30000000000000004,3,10,6.079794973883777
0.30000000000000004,0.30000000000000004,3,20,9.770870613798053
0.30000000000000004,0.30000000000000004,3,40,17.302979455778633
0.30000000000000004,0.30000000000000004,3,80,32.34795761165914
0.30000000000000004,0.30000000000000004,6,5,4.117490173529133
0.30000000000000004,0.30000000000000004,6,10,5.710883630118641
0.30000000000000004,0.30000000000000004,6,20,8.093486835822688
0.30000000000000004,0.30000000000000004,6,40,11.765960072523017
0.30000000000000004,0.30000000000000004,6,80,18.79774777280089
0.30000000000000004,0.30000000000000004,9,5,4.1169280201062115
0.30000000000000004,0.30000000000000004,9,10,5.716375901181657
0.30000000000000004,0.30000000000000004,9,20,8.097820193999148
0.30000000000000004,0.30000000000000004,9,40,11.387178466031452
0.30000000000000004,0.30000000000000004,9,80,16.246693560877894
0.30000000000000004,0.30000000000000004,12,5,4.118483514029034
0.30000000000000004,0.30000000000000004,12,10,5.716201515109285
0.30000000000000004,0.30000000000000004,12,20,8.099720361025899
0.30000000000000004,0.30000000000000004,12,40,11.38909386821503
0.30000000000000004,0.30000000000000004,12,80,15.990892965977968
0.30000000000000004,0.4,3,5,4.552208805956557
0.30000000000000004,0.4,3,10,6.630018092214528
0.30000000000000004,0.4,3,20,10.547269932734164
0.30000000000000004,0.4,3,40,18.40349342693282
0.30000000000000004,0.4,3,80,34.10393206658454
0.30000000000000004,0.4,6,5,4.558322849369945
0.30000000000000004,0.4,6,10,6.378839236072496
0.30000000000000004,0.4,6,20,8.980033961045178
0.30000000000000004,0.4,6,40,12.841901990224539
0.30000000000000004,0.4,6,80,20.02369063971849
0.30000000000000004,0.4,9,5,4.552828360912793
0.30000000000000004,0.4,9,10,6.38027578942281
0.30000000000000004,0.4,9,20,8.982348170242132
0.30000000000000004,0.4,9,40,12.584394949374282
0.30000000000000004,0.4,9,80,17.80935734545236
0.30000000000000004,0.4,12,5,4.559271781768652
0.30000000000000004,0.4,12,10,6.379556038624563
0.30000000000000004,0.4,12,20,8.982605247999789
0.30000000000000004,0.4,12,40,12.577311323882856
0.30000000000000004,0.4,12,80,17.664385856044905
0.30000000000000004,0.5,3,5,5.1298869215319245
0.30000000000000004,0.5,3,10,7.428807560327981
0.30000000000000004,0.5,3,20,11.570301794844932
0.30000000000000004,0.5,3,40,19.786470315518237
0.30000000000000004,0.5,3,80,36.187104277564174
0.30000000000000004,0.5,6,5,5.124563667438846
0.30000000000000004,0.5,6,10,7.264427924320232
0.30000000000000004,0.5,6,20,10.16801102471583
0.30000000000000004,0.5,6,40,14.372482373789557
0.30000000000000004,0.5,6,80,21.77580089527938
0.30000000000000004,0.5,9,5,5.13322553525268
0.30000000000000004,0.5,9,10,7.265431688012241
0.30000000000000004,0.5,9,20,10.19280188062192
0.30000000000000004,0.5,9,40,14.220800624431824
0.30000000000000004,0.5,9,80,19.98882248160187
0.30000000000000004,0.5,12,5,5.132978231962268
0.30000000000000004,0.5,12,10,7.26880700693351
0.30000000000000004,0.5,12,20,10.180536143367634
0.30000000000000004,0.5,12,40,14.225657773756517
0.30000000000000004,0.5,12,80,19.93155303468703
0.30000000000000004,0.6,3,5,5.941275326176862
0.30000000000000004,0.6,3,10,8.591757165412236
0.30000000000000004,0.6,3,20,13.044036541150252
0.30000000000000004,0.6,3,40,21.68498423216249
0.30000000000000004,0.6,3,80,38.86748658751054
0.30000000000000004,0.6,6,5,5.934701841528014
0.30000000000000004,0.6,6,10,8.489516291918143
0.30000000000000004,0.6,6,20,11.899045278236821
0.30000000000000004,0.6,6,40,16.692609800377365
0.30000000000000004,0.6,6,80,24.465102351771996
0.30000000000000004,0.6,9,5,5.938394220584614
0.30000000000000004,0.6,9,10,8.487331259577912
0.30000000000000004,0.6,9,20,11.874898147237424
0.30000000000000004,0.6,9,40,16.641402680406852
0.30000000000000004,0.6,9,80,23.287120855720815
0.30000000000000004,0.6,12,5,5.940641241941485
0.30000000000000004,0.6,12,10,8.466372367037756
0.30000000000000004,0.6,12,20,11.875010557190183
0.30000000000000004,0.6,12,40,16.6090012639186
0.30000000000000004,0.6,12,80,23.23950242446369
0.30000000000000004,0.7,3,5,7.150581125673817
0.30000000000000004,0.7,3,10,10.293218272654153
0.30000000000000004,0.7,3,20,15.41161611572321
0.30000000000000004,0.7,3,40,24.655675162754033
0.30000000000000004,0.7,3,80,42.8254005425022
0.30000000000000004,0.7,6,5,7.128032071308151
0.30000000000000004,0.7,6,10,10.228411609946678
0.30000000000000004,0.7,6,20,14.602226937921754
0.30000000000000004,0.7,6,40,20.644567981340284
0.30000000000000004,0.7,6,80,29.505185539571656
0.30000000000000004,0.7,9,5,7.132032025247538
0.30000000000000004,0.7,9,10,10.233039453927626
0.30000000000000004,0.7,9,20,14.540826543965043
0.30000000000000004,0.7,9,40,20.562899934913915
0.30000000000000004,0.7,9,80,28.895414138993196
0.30000000000000004,0.7,12,5,7.147898241970417
0.30000000000000004,0.7,12,10,10.234845557961803
0.30000000000000004,0.7,12,20,14.6078732200764
0.30000000000000004,0.7,12,40,20.572161469834732
0.30000000000000004,0.7,12,80,28.887042493913967
0.30000000000000004,0.7999999999999999,3,5,9.263336873769902
0.30000000000000004,0.7999999999999999,3,10,13.145522012638937
0.30000000000000004,0.7999999999999999,3,20,19.692742470739258
0.30000000000000004,0.7999999999999999,3,40,30.637203156774813
0.30000000000000004,0.7999999999999999,3,80,50.54074549564672
0.30000000000000004,0.7999999999999999,6,5,9.204122149969372
0.30000000000000004,0.7999999999999999,6,10,13.098511948847637
0.30000000000000004,0.7999999999999999,6,20,19.20236819938407
0.30000000000000004,0.7999999999999999,6,40,27.813730055196483
0.30000000000000004,0.7999999999999999,6,80,41.05123615848786
0.30000000000000004,0.7999999999999999,9,5,9.283305909032759
0.30000000000000004,0.7999999999999999,9,10,13.037209414713255
0.30000000000000004,0.7999999999999999,9,20,19.201176713500303
0.30000000000000004,0.7999999999999999,9,40,28.2781367453064
0.30000000000000004,0.7999999999999999,9,80,40.7046319635899
0.30000000000000004,0.7999999999999999,12,5,9.247747265942332
0.30000000000000004,0.7999999999999999,12,10,13.030460011612766
0.30000000000000004,0.7999999999999999,12,20,19.327393493160606
0.30000000000000004,0.7999999999999999,12,40,28.088954092692035
0.30000000000000004,0.7999999999999999,12,80,41.004979411131465
0.30000000000000004,0.8999999999999999,3,5,14.71927495488344
0.30000000000000004,0.8999999999999999,3,10,19.373173823441835
0.30000000000000004,0.8999999999999999,3,20,28.533403308664578
0.30000000000000004,0.8999999999999999,3,40,47.42279080960872
0.30000000000000004,0.8999999999999999,3,80,78.3226216722484
0.30000000000000004,0.8999999999999999,6,5,14.71221030790487
0.30000000000000004,0.8999999999999999,6,10,19.285923485472978
0.30000000000000004,0.8999999999999999,6,20,28.436929019579658
0.30000000000000004,0.8999999999999999,6,40,47.64847146433498
0.30000000000000004,0.8999999999999999,6,80,76.8156399547357
0.30000000000000004,0.8999999999999999,9,5,14.816545122960022
0.30000000000000004,0.8999999999999999,9,10,19.244834861143673
0.30000000000000004,0.8999999999999999,9,20,28.540672807214197
0.30000000000000004,0.8999999999999999,9,40,47.200218464177844
0.30000000000000004,0.8999999999999999,9,80,76.61358456308413
0.30000000000000004,0.8999999999999999,12,5,14.7433985967386
0.30000000000000004,0.8999999999999999,12,10,19.423484599765786
0.30000000000000004,0.8999999999999999,12,20,28.671780111039006
0.30000000000000004,0.8999999999999999,12,40,46.17871058845646
0.30000000000000004,0.8999999999999999,12,80,77.02014574018048
0.4,0.0,3,5,3.400116711650469
0.4,0.0,3,10,5.398573001554038
0.4,0.0,3,20,8.399868882505064
0.4,0.0,3,40,15.398869574297587
0.4,0.0,3,80,28.401135332959985
0.4,0.0,6,5,3.3988189441130827
0.4,0.0,6,10,4.399392228638603
0.4,0.0,6,20,6.4000831502759015
0.4,0.0,6,40,10.399595325783926
0.4,0.0,6,80,16.400693688534858
0.4,0.0,9,5,3.3989658562568614
0.4,0.0,9,10,4.399147639963989
0.4,0.0,9,20,6.399935405297502
0.4,0.0,9,40,9.399112564142987
0.4,0.0,9,80,13.400368603789858
0.4,0.0,12,5,3.3992393582582396
0.4,0.0,12,10,4.400022118688158
0.4,0.0,12,20,6.400183877664079
0.4,0.0,12,40,9.398698869581812
0.4,0.0,12,80,13.399907170472673
0.4,0.1,3,5,3.6180704762887825
0.4,0.1,3,10,5.546848947991335
0.4,0.1,3,20,8.740706281742996
0.4,0.1,3,40,15.749256516643408
0.4,0.1,3,80,29.591190267568823
0.4,0.1,6,5,3.618886387529378
0.4,0.1,6,10,4.818413422474168
0.4,0.1,6,20,6.928776917834816
0.4,0.1,6,40,10.633476851211746
0.4,0.1,6,80,17.1670099492772
0.4,0.1,9,5,3.6185596773738173
0.4,0.1,9,10,4.816883429377639
0.4,0.1,9,20,6.927180127548814
0.4,0.1,9,40,9.901887107594435
0.4,0.1,9,80,14.269823305387213
0.4,0.1,12,5,3.617854521774311
0.4,0.1,12,10,4.81742583403006
0.4,0.1,12,20,6.928163382193258
0.4,0.1,12,40,9.902064500019103
0.4,0.1,12,80,13.902627036445242
0.4,0.2,3,5,3.8889697872659275
0.4,0.2,3,10,5.8056323962381065
0.4,0.2,3,20,9.27118881126708
0.4,0.2,3,40,16.531524707197704
0.4,0.2,3,80,31.021030659475063
0.4,0.2,6,5,3.889655071862818
0.4,0.2,6,10,5.288615740963114
0.4,0.2,6,20,7.530287832015404
0.4,0.2,6,40,11.144047006049933
0.4,0.2,6,80,18.006607468060203
0.4,0.2,9,5,3.893723190214195
0.4,0.2,9,10,5.289330019761532
0.4,0.2,9,20,7.532011669231869
0.4,0.2,9,40,10.622742317426345
0.4,0.2,9,80,15.259604930249932
0.4,0.2,12,5,3.888083356215006
0.4,0.2,12,10,5.290276904947173
0.4,0.2,12,20,7.531047596469944
0.4,0.2,12,40,10.622144646059892
0.4,0.2,12,80,14.889042052286191
0.4,0.30000000000000004,3,5,4.238231159859076
0.4,0.30000000000000004,3,10,6.20929894077482
0.4,0.30000000000000004,3,20,9.94740265879298
0.4,0.30000000000000004,3,40,17.52158754214672
0.4,0.30000000000000004,3,80,32.679754054459366
0.4,0.30000000000000004,6,5,4.2397659123596245
0.4,0.30000000000000004,6,10,5.857725130024898
0.4,0.30000000000000004,6,20,8.268155546454576
0.4,0.30000000000000004,6,40,11.955505784378843
0.4,0.30000000000000004,6,80,18.991699423173156
0.4,0.30000000000000004,9,5,4.2374638887468485
0.4,0.30000000000000004,9,10,5.856847774932805
0.4,0.30000000000000004,9,20,8.278964802366032
0.4,0.30000000000000004,9,40,11.603288982421098
0.4,0.30000000000000004,9,80,16.51208010810396
0.4,0.30000000000000004,12,5,4.241010062268867
0.4,0.30000000000000004,12,10,5.861111087206413
0.4,0.30000000000000004,12,20,8.261378907275553
0.4,0.30000000000000004,12,40,11.592252512100153
0.4,0.30000000000000004,12,80,16.265899155828766
0.4,0.4,3,5,4.7002834832542355
0.4,0.4,3,10,6.822837043907686
0.4,0.4,3,20,10.799656656048358
0.4,0.4,3,40,18.743145380342884
0.4,0.4,3,80,34.66289867755473
0.4,0.4,6,5,4.698677989444652
0.4,0.4,6,10,6.587822184938911
0.4,0.4,6,20,9.238375777591148
0.4,0.4,6,40,13.157896166391694
0.4,0.4,6,80,20.360519383922554
0.4,0.4,9,5,4.701741118548364
0.4,0.4,9,10,6.583891041087403
0.4,0.4,9,20,9.230386787657352
0.4,0.4,9,40,12.924073002093083
0.4,0.4,9,80,18.230477197604174
0.4,0.4,12,5,4.701034991806705
0.4,0.4,12,10,6.576780651142367
0.4,0.4,12,20,9.235487532815554
0.4,0.4,12,40,12.927775706331637
0.4,0.4,12,80,18.105107033239495
0.4,0.5,3,5,5.310501307697315
0.4,0.5,3,10,7.706285060015915
0.4,0.5,3,20,11.967236124538456
0.4,0.5,3,40,20.346416201055476
0.4,0.5,3,80,37.05543438009202
0.4,0.5,6,5,5.310112423340307
0.4,0.5,6,10,7.533037797653837
0.4,0.5,6,20,10.570929129527073
0.4,0.5,6,40,14.903432518706243
0.4,0.5,6,80,22.38834827467598
0.4,0.5,9,5,5.320874533807795
0.4,0.5,9,10,7.5443254258467105
0.4,0.5,9,20,10.563891356281145
0.4,0.5,9,40,14.775326734909553
0.4,0.5,9,80,20.75277905896266
0.4,0.5,12,5,5.306807516924909
0.4,0.5,12,10,7.527039122595234
0.4,0.5,12,20,10.574266730340135
0.4,0.5,12,40,14.770932453741569
0.4,0.5,12,80,20.694335149837276
0.4,0.6,3,5,6.158223696552259
0.4,0.6,3,10,8.953422594213748
0.4,0.6,3,20,13.647150371012165
0.4,0.6,3,40,22.64902218559997
0.4,0.6,3,80,40.30287670830576
0.4,0.6,6,5,6.153381993023106
0.4,0.6,6,10,8.850677681210279
0.4,0.6,6,20,12.501027258192119
0.4,0.6,6,40,17.5928229572598
0.4,0.6,6,80,25.72964263127387
0.4,0.6,9,5,6.147458535227637
0.4,0.6,9,10,8.863242498272072
0.4,0.6,9,20,12.504184502129185
0.4,0.6,9,40,17.519503783835866
0.4,0.6,9,80,24.649286663621
0.4,0.6,12,5,6.1543908403937495
0.4,0.6,12,10,8.856952834738465
0.4,0.6,12,20,12.500478863308185
0.4,0.6,12,40,17.62851029166468
0.4,0.6,12,80,24.535064352243626
0.4,0.7,3,5,7.400016952140802
0.4,0.7,3,10,10.795437077896759
0.4,0.7,3,20,16.267027915524185
0.4,0.7,3,40,26.008351682112963
0.4,0.7,3,80,45.355818741135224
0.4,0.7,6,5,7.414254515142212
0.4,0.7,6,10,10.768360306303892
0.4,0.7,6,20,15.535972961032096
0.4,0.7,6,40,22.19204690042888
0.4,0.7,6,80,32.059442585746446
0.4,0.7,9,5,7.400103052180043
0.4,0.7,9,10,10.742892306921377
0.4,0.7,9,20,15.550081525797966
0.4,0.7,9,40,22.148578248649642
0.4,0.7,9,80,31.482526762617766
0.4,0.7,12,5,7.400588325456172
0.4,0.7,12,10,10.75064735480661
0.4,0.7,12,20,15.504291501979353
0.4,0.7,12,40,22.18249740002048
0.4,0.7,12,80,31.480956732106424
0.4,0.7999999999999999,3,5,9.518951357232453
0.4,0.7999999999999999,3,10,13.680891072791125
0.4,0.7999999999999999,3,20,20.901481466542137
0.4,0.7999999999999999,3,40,32.77395998062582
0.4,0.7999999999999999,3,80,54.506118721560945
0.4,0.7999999999999999,6,5,9.539975525272908
0.4,0.7999999999999999,6,10,13.697755724843272
0.4,0.7999999999999999,6,20,20.43480445602143
0.4,0.7999999999999999,6,40,30.778061099691776
0.4,0.7999999999999999,6,80,46.92831347466112
0.4,0.7999999999999999,9,5,9.54743752296142
0.4,0.7999999999999999,9,10,13.649433157446763
0.4,0.7999999999999999,9,20,20.556086391821456
0.4,0.7999999999999999,9,40,30.857686509124186
0.4,0.7999999999999999,9,80,46.36353248884519
0.4,0.7999999999999999,12,5,9.550463522964977
0.4,0.7999999999999999,12,10,13.584520417916417
0.4,0.7999999999999999,12,20,20.595334588286175
0.4,0.7999999999999999,12,40,30.81042323180412
0.4,0.7999999999999999,12,80,45.50527157748456
0.4,0.8999999999999999,3,5,15.061771914674532
0.4,0.8999999999999999,3,10,19.82670243892885
0.4,0.8999999999999999,3,20,30.032032599541452
0.4,0.8999999999999999,3,40,50.55729061125846
0.4,0.8999999999999999,3,80,85.43268932025869
0.4,0.8999999999999999,6,5,15.081460264006203
0.4,0.8999999999999999,6,10,19.903518329510796
0.4,0.8999999999999999,6,20,29.787251862630455
0.4,0.8999999999999999,6,40,49.998251240760794
0.4,0.8999999999999999,6,80,84.81993232092611
0.4,0.8999999999999999,9,5,15.06435384187449
0.4,0.8999999999999999,9,10,19.939414707851707
0.4,0.8999999999999999,9,20,30.01510346719018
0.4,0.8999999999999999,9,40,50.219237158076304
0.4,0.8999999999999999,9,80,83.77092901352349
0.4,0.8999999999999999,12,5,15.074280316286783
0.4,0.8999999999999999,12,10,19.912249971925437
0.4,0.8999999999999999,12,20,30.04860920045525
0.4,0.8999999999999999,12,40,50.57539853271211
0.4,0.8999999999999999,12,80,83.23382946233953
0.5,0.0,3,5,3.499128514258053
0.5,0.0,3,10,5.500305997467665
0.5,0.0,3,20,8.500354074730623
0.5,0.0,3,40,15.500151576357334
0.5,0.0,3,80,28.500625531188952
0.5,0.0,6,5,3.4987759566615786
0.5,0.0,6,10,4.500281516449997
0.5,0.0,6,20,6.500457431365097
0.5,0.0,6,40,10.500697630190418
0.5,0.0,6,80,16.499629397045467
0.5,0.0,9,5,3.501488023048189
0.5,0.0,9,10,4.499790862652129
0.5,0.0,9,20,6.499552631882015
0.5,0.0,9,40,9.500506495622954
0.5,0.0,9,80,13.500206709386555
0.5,0.0,12,5,3.4995013158209405
0.5,0.0,12,10,4.500689576757874
0.5,0.0,12,20,6.499486971488087
0.5,0.0,12,40,9.498407778488
0.5,0.0,12,80,13.500211493531584
0.5,0.1,3,5,3.7198478995696966
0.5,0.1,3,10,5.645945798182684
0.5,0.1,3,20,8.843123855030058
0.5,0.1,3,40,15.859462786552845
0.5,0.1,3,80,29.71553888732657
0.5,0.1,6,5,3.7225804723753133
0.5,0.1,6,10,4.920179634189429
0.5,0.1,6,20,7.034514918313654
0.5,0.1,6,40,10.736108143177535
0.5,0.1,6,80,17.273649170703557
0.5,0.1,9,5,3.721314895130585
0.5,0.1,9,10,4.921375038912078
0.5,0.1,9,20,7.0362300337744275
0.5,0.1,9,40,10.0100146243358
0.5,0.1,9,80,14.389550652206783
0.5,0.1,12,5,3.7226832296787276
0.5,0.1,12,10,4.920296360876589
0.5,0.1,12,20,7.031537114853438
0.5,0.1,12,40,10.00726315585571
0.5,0.1,12,80,14.01499652234157
0.5,0.2,3,5,3.9996191807307304
0.5,0.2,3,10,5.916449886759192
0.5,0.2,3,20,9.395690071505687
0.5,0.2,3,40,16.68702548705384
0.5,0.2,3,80,31.237864579142993
0.5,0.2,6,5,3.9973008912797336
0.5,0.2,6,10,5.406155578644132
0.5,0.2,6,20,7.65985153228659
0.5,0.2,6,40,11.270892348809255
0.5,0.2,6,80,18.145777902327858
0.5,0.2,9,5,3.996933774901326
0.5,0.2,9,10,5.4053855612370345
0.5,0.2,9,20,7.6598287897793504
0.5,0.2,9,40,10.764989816195943
0.5,0.2,9,80,15.416823577634263
0.5,0.2,12,5,3.998541429743694
0.5,0.2,12,10,5.404245387481442
0.5,0.2,12,20,7.65904917626448
0.5,0.2,12,40,10.763680935290811
0.5,0.2,12,80,15.064563846753396
0.5,0.30000000000000004,3,5,4.361354455806312
0.5,0.30000000000000004,3,10,6.347153899781073
0.5,0.30000000000000004,3,20,10.114870539686054
0.5,0.30000000000000004,3,40,17.772996624732627
0.5,0.30000000000000004,3,80,33.07267914475567
0.5,0.30000000000000004,6,5,4.363342168824599
0.5,0.30000000000000004,6,10,6.003427373869947
0.5,0.30000000000000004,6,20,8.442269603186576
0.5,0.30000000000000004,6,40,12.158248803117917
0.5,0.30000000000000004,6,80,19.211581889649416
0.5,0.30000000000000004,9,5,4.363070483423726
0.5,0.30000000000000004,9,10,6.005191349549059
0.5,0.30000000000000004,9,20,8.446440515903323
0.5,0.30000000000000004,9,40,11.81957022137361
0.5,0.30000000000000004,9,80,16.758567692843467
0.5,0.30000000000000004,12,5,4.361528748978347
0.5,0.30000000000000004,12,10,6.003818991753519
0.5,0.30000000000000004,12,20,8.44693318696483
0.5,0.30000000000000004,12,40,11.80979284958744
0.5,0.30000000000000004,12,80,16.536132185545874
0.5,0.4,3,5,4.844316002830741
0.5,0.4,3,10,7.00706596463695
0.5,0.4,3,20,11.059450350843132
0.5,0.4,3,40,19.163943389667757
0.5,0.4,3,80,35.393700659869495
0.5,0.4,6,5,4.847575892419003
0.5,0.4,6,10,6.775973051506825
0.5,0.4,6,20,9.500398461846299
0.5,0.4,6,40,13.487103461407866
0.5,0.4,6,80,20.743853492741682
0.5,0.4,9,5,4.839583339865704
0.5,0.4,9,10,6.773947649890811
0.5,0.4,9,20,9.500243724972956
0.5,0.4,9,40,13.269203684261443
0.5,0.4,9,80,18.68350716312488
0.5,0.4,12,5,4.843951696681021
0.5,0.4,12,10,6.775971872502986
0.5,0.4,12,20,9.5042040819227
0.5,0.4,12,40,13.257076167336914
0.5,0.4,12,80,18.560768417408905
0.5,0.5,3,5,5.489597553699558
0.5,0.5,3,10,7.954156657425774
0.5,0.5,3,20,12.336451819386298
0.5,0.5,3,40,20.998812528218682
0.5,0.5,3,80,38.35542884880834
0.5,0.5,6,5,5.485277722816984
0.5,0.5,6,10,7.804408923448802
0.5,0.5,6,20,10.989962158456308
0.5,0.5,6,40,15.478564914091528
0.5,0.5,6,80,23.068909160160693
0.5,0.5,9,5,5.487907077625682
0.5,0.5,9,10,7.801670154402878
0.5,0.5,9,20,10.97314777433894
0.5,0.5,9,40,15.359659369991613
0.5,0.5,9,80,21.541169958357646
0.5,0.5,12,5,5.485162915359061
0.5,0.5,12,10,7.807797946436327
0.5,0.5,12,20,10.973073609727589
0.5,0.5,12,40,15.348723974647157
0.5,0.5,12,80,21.452866778991194
0.5,0.6,3,5,6.361231308434279
0.5,0.6,3,10,9.305889422736522
0.5,0.6,3,20,14.211301144901773
0.5,0.6,3,40,23.559373866513862
0.5,0.6,3,80,42.24645513002591
0.5,0.6,6,5,6.360920771124675
0.5,0.6,6,10,9.209610963532537
0.5,0.6,6,20,13.139595500162587
0.5,0.6,6,40,18.599962889249607
0.5,0.6,6,80,27.01045676664622
0.5,0.6,9,5,6.367514910538155
0.5,0.6,9,10,9.214215830719425
0.5,0.6,9,20,13.083930890094729
0.5,0.6,9,40,18.515979421956867
0.5,0.6,9,80,26.043934631564806
0.5,0.6,12,5,6.357632036643449
0.5,0.6,12,10,9.211776663289054
0.5,0.6,12,20,13.086515123923222
0.5,0.6,12,40,18.51050669145907
0.5,0.6,12,80,26.203051634993013
0.5,0.7,3,5,7.631890197110614
0.5,0.7,3,10,11.208913207456616
0.5,0.7,3,20,17.052919411617058
0.5,0.7,3,40,27.14435644602434
0.5,0.7,3,80,47.44820137135899
0.5,0.7,6,5,7.643663167698598
0.5,0.7,6,10,11.159706064707677
0.5,0.7,6,20,16.316746499218823
0.5,0.7,6,40,23.540777081623318
0.5,0.7,6,80,34.46818114038547
0.5,0.7,9,5,7.636473724142636
0.5,0.7,9,10,11.163732694249129
0.5,0.7,9,20,16.289310897896073
0.5,0.7,9,40,23.469853589788695
0.5,0.7,9,80,34.102439213953915
0.5,0.7,12,5,7.661461386370275
0.5,0.7,12,10,11.163959992978405
0.5,0.7,12,20,16.32636313996594
0.5,0.7,12,40,23.503529947805998
0.5,0.7,12,80,33.96581344032054
0.5,0.7999999999999999,3,5,9.809603240978914
0.5,0.7999999999999999,3,10,14.17178222885642
0.5,0.7999999999999999,3,20,21.893871359125036
0.5,0.7999999999999999,3,40,34.59305059749033
0.5,0.7999999999999999,3,80,56.94686890030969
0.5,0.7999999999999999,6,5,9.83771028484813
0.5,0.7999999999999999,6,10,14.147973203411517
0.5,0.7999999999999999,6,20,21.412629993023355
0.5,0.7999999999999999,6,40,32.383767938374376
0.5,0.7999999999999999,6,80,49.727935290838424
0.5,0.7999999999999999,9,5,9.823961565585638
0.5,0.7999999999999999,9,10,14.145466066395786
0.5,0.7999999999999999,9,20,21.38321598824034
0.5,0.7999999999999999,9,40,32.44688544876593
0.5,0.7999999999999999,9,80,50.00759068589609
0.5,0.7999999999999999,12,5,9.831350690904586
0.5,0.7999999999999999,12,10,14.1143231118471
0.5,0.7999999999999999,12,20,21.445265311649074
0.5,0.7999999999999999,12,40,32.60395365067574
0.5,0.7999999999999999,12,80,50.03097893506769
0.5,0.8999999999999999,3,5,15.414944423911216
0.5,0.8999999999999999,3,10,20.340236532597633
0.5,0.8999999999999999,3,20,31.080242327092414
0.5,0.8999999999999999,3,40,52.827443031379374
0.5,0.8999999999999999,3,80,88.98607421779244
0.5,0.8999999999999999,6,5,15.278482402085517
0.5,0.8999999999999999,6,10,20.36314207224747
0.5,0.8999999999999999,6,20,30.856163309230205
0.5,0.8999999999999999,6,40,52.336721953909944
0.5,0.8999999999999999,6,80,86.66414613715605
0.5,0.8999999999999999,9,5,15.444622005281929
0.5,0.8999999999999999,9,10,20.37692215040015
0.5,0.8999999999999999,9,20,30.965337081974972
0.5,0.8999999999999999,9,40,52.1182079321869
0.5,0.8999999999999999,9,80,89.04930474302091
0.5,0.8999999999999999,12,5,15.317847954788444
0.5,0.8999999999999999,12,10,20.354370790642736
0.5,0.8999999999999999,12,20,30.700916818127354
0.5,0.8999999999999999,12,40,52.102121896360266
0.5,0.8999999999999999,12,80,89.70330661007314
0.6,0.0,3,5,3.599508226970917
0.6,0.0,3,10,5.599374755629108
0.6,0.0,3,20,8.599378817622688
0.6,0.0,3,40,15.60030651622907
0.6,0.0,3,80,28.599802728351097
0.6,0.0,6,5,3.6002471555366498
0.6,0.0,6,10,4.599067635690778
0.6,0.0,6,20,6.600638764256533
0.6,0.0,6,40,10.598701811139408
0.6,0.0,6,80,16.600707803545713
0.6,0.0,9,5,3.6015635076037085
0.6,0.0,9,10,4.600235864556425
0.6,0.0,9,20,6.599290113989473
0.6,0.0,9,40,9.599955092858002
0.6,0.0,9,80,13.59980207490647
0.6,0.0,12,5,3.600389201808471
0.6,0.0,12,10,4.599531499135328
0.6,0.0,12,20,6.600002792672427
0.6,0.0,12,40,9.599750244427467
0.6,0.0,12,80,13.599422335268725
0.6,0.1,3,5,3.822943373487322
0.6,0.1,3,10,5.74728812757807
0.6,0.1,3,20,8.944938744800641
0.6,0.1,3,40,15.964931724768828
0.6,0.1,3,80,29.839605756308
0.6,0.1,6,5,3.821812907084174
0.6,0.1,6,10,5.022887259395872
0.6,0.1,6,20,7.140186758540741
0.6,0.1,6,40,10.8393712604763
0.6,0.1,6,80,17.38383704423549
0.6,0.1,9,5,3.8235128679658676
0.6,0.1,9,10,5.023884700146955
0.6,0.1,9,20,7.138622679029047
0.6,0.1,9,40,10.114652404349311
0.6,0.1,9,80,14.498982147205732
0.6,0.1,12,5,3.8214271948085714
0.6,0.1,12,10,5.021138562661276
0.6,0.1,12,20,7.14041824542152
0.6,0.1,12,40,10.114059363195315
0.6,0.1,12,80,14.128915263535806
0.6,0.2,3,5,4.106142031792794
0.6,0.2,3,10,6.025007776981321
0.6,0.2,3,20,9.520938655330575
0.6,0.2,3,40,16.83444754409879
0.6,0.2,3,80,31.45184407486895
0.6,0.2,6,5,4.104084279066671
0.6,0.2,6,10,5.5160466466667275
0.6,0.2,6,20,7.778661271598083
0.6,0.2,6,40,11.401244914321492
0.6,0.2,6,80,18.281441914010603
0.6,0.2,9,5,4.106448019262533
0.6,0.2,9,10,5.520579238695383
0.6,0.2,9,20,7.781756975201779
0.6,0.2,9,40,10.899483749800703
0.6,0.2,9,80,15.569104429385343
0.6,0.2,12,5,4.106766386078061
0.6,0.2,12,10,5.521483805110161
0.6,0.2,12,20,7.784475203638245
0.6,0.2,12,40,10.901433857233187
0.6,0.2,12,80,15.216997412704751
0.6,0.30000000000000004,3,5,4.479493337579127
0.6,0.30000000000000004,3,10,6.486073270084176
0.6,0.30000000000000004,3,20,10.285281842134731
0.6,0.30000000000000004,3,40,18.039176643631528
0.6,0.30000000000000004,3,80,33.5339156291575
0.6,0.30000000000000004,6,5,4.481240378652135
0.6,0.30000000000000004,6,10,6.143295704153442
0.6,0.30000000000000004,6,20,8.618243585536668
0.6,0.30000000000000004,6,40,12.349038569217788
0.6,0.30000000000000004,6,80,19.4071997721258
0.6,0.30000000000000004,9,5,4.479749613153348
0.6,0.30000000000000004,9,10,6.143338929046871
0.6,0.30000000000000004,9,20,8.621085039525486
0.6,0.30000000000000004,9,40,12.018132318463804
0.6,0.30000000000000004,9,80,17.01484369564172
0.6,0.30000000000000004,12,5,4.479859138404069
0.6,0.30000000000000004,12,10,6.1461639816537685
0.6,0.30000000000000004,12,20,8.61802599869858
0.6,0.30000000000000004,12,40,12.019836762639164
0.6,0.30000000000000004,12,80,16.78037894355514
0.6,0.4,3,5,4.976037045954351
0.6,0.4,3,10,7.187821986941246
0.6,0.4,3,20,11.327894538271435
0.6,0.4,3,40,19.675227324479508
0.6,0.4,3,80,36.35131669604015
0.6,0.4,6,5,4.978065036519133
0.6,0.4,6,10,6.964760915509702
0.6,0.4,6,20,9.743262547932979
0.6,0.4,6,40,13.817314554905261
0.6,0.4,6,80,21.08853338475137
0.6,0.4,9,5,4.979413371997208
0.6,0.4,9,10,6.956317434319525
0.6,0.4,9,20,9.758033356018686
0.6,0.4,9,40,13.607751575730035
0.6,0.4,9,80,19.106570122894194
0.6,0.4,12,5,4.980312320533564
0.6,0.4,12,10,6.958919430470122
0.6,0.4,12,20,9.753423214935266
0.6,0.4,12,40,13.595331039656116
0.6,0.4,12,80,18.99505657172712
0.6,0.5,3,5,5.640050209880236
0.6,0.5,3,10,8.21204121491988
0.6,0.5,3,20,12.715030203617104
0.6,0.5,3,40,21.702957554418436
0.6,0.5,3,80,40.072952077675794
0.6,0.5,6,5,5.6460298527029655
0.6,0.5,6,10,8.042733649441114
0.6,0.5,6,20,11.328035746394056
0.6,0.5,6,40,16.04003221443929
0.6,0.5,6,80,23.812349252963017
0.6,0.5,9,5,5.652735035672505
0.6,0.5,9,10,8.045297243061539
0.6,0.5,9,20,11.317122163042393
0.6,0.5,9,40,15.922658069454519
0.6,0.5,9,80,22.26322531480357
0.6,0.5,12,5,5.647426453491627
0.6,0.5,12,10,8.060649143178301
0.6,0.5,12,20,11.325084176742806
0.6,0.5,12,40,15.925087269905193
0.6,0.5,12,80,22.25199680223399
0.6,0.6,3,5,6.549307603334704
0.6,0.6,3,10,9.620130977249284
0.6,0.6,3,20,14.662376526574365
0.6,0.6,3,40,24.363245083580946
0.6,0.6,3,80,44.337276247779826
0.6,0.6,6,5,6.543832685909859
0.6,0.6,6,10,9.530563715805108
0.6,0.6,6,20,13.581789612188318
0.6,0.6,6,40,19.35875059957156
0.6,0.6,6,80,28.293900219732667
0.6,0.6,9,5,6.545081280124403
0.6,0.6,9,10,9.523443518938858
0.6,0.6,9,20,13.544571832235217
0.6,0.6,9,40,19.271976340901517
0.6,0.6,9,80,27.323769123145425
0.6,0.6,12,5,6.545405979194278
0.6,0.6,12,10,9.51436456288181
0.6,0.6,12,20,13.565161024282526
0.6,0.6,12,40,19.276170870351315
0.6,0.6,12,80,27.266941921453284
0.6,0.7,3,5,7.840298536554886
0.6,0.7,3,10,11.571851339257703
0.6,0.7,3,20,17.615715726715372
0.6,0.7,3,40,28.09656518504411
0.6,0.7,3,80,49.495536965518866
0.6,0.7,6,5,7.8387438963220335
0.6,0.7,6,10,11.491236624696652
0.6,0.7,6,20,16.82862743349244
0.6,0.7,6,40,24.651956480983568
0.6,0.7,6,80,36.14309908094282
0.6,0.7,9,5,7.841859458476547
0.6,0.7,9,10,11.517829665912597
0.6,0.7,9,20,16.7970667217751
0.6,0.7,9,40,24.414331376919304
0.6,0.7,9,80,35.37988932539487
0.6,0.7,12,5,7.8573624523657575
0.6,0.7,12,10,11.508865319869651
0.6,0.7,12,20,16.807140284707128
0.6,0.7,12,40,24.537783862299143
0.6,0.7,12,80,35.61394328091655
0.6,0.7999999999999999,3,5,10.03418149332061
0.6,0.7999999999999999,3,10,14.468177895577421
0.6,0.7999999999999999,3,20,22.488623923245523
0.6,0.7999999999999999,3,40,35.474655987452046
0.6,0.7999999999999999,3,80,58.86926225425616
0.6,0.7999999999999999,6,5,10.046604712082045
0.6,0.7999999999999999,6,10,14.462951429735602
0.6,0.7999999999999999,6,20,22.01802548602443
0.6,0.7999999999999999,6,40,33.4688653449108
0.6,0.7999999999999999,6,80,50.90574560482731
0.6,0.7999999999999999,9,5,10.027660755389508
0.6,0.7999999999999999,9,10,14.467039221843704
0.6,0.7999999999999999,9,20,22.016778662475097
0.6,0.7999999999999999,9,40,33.47511533073474
0.6,0.7999999999999999,9,80,51.87770787815421
0.6,0.7999999999999999,12,5,10.0396142437049
0.6,0.7999999999999999,12,10,14.47420633106459
0.6,0.7999999999999999,12,20,22.10893616064972
0.6,0.7999999999999999,12,40,33.35587301298684
0.6,0.7999999999999999,12,80,51.64901008434584
0.6,0.8999999999999999,3,5,15.641549379202258
0.6,0.8999999999999999,3,10,20.705316184390536
0.6,0.8999999999999999,3,20,31.535578965257383
0.6,0.8999999999999999,3,40,54.44624065492449
0.6,0.8999999999999999,3,80,91.4835131486335
0.6,0.8999999999999999,6,5,15.593097162596589
0.6,0.8999999999999999,6,10,20.710916781571786
0.6,0.8999999999999999,6,20,31.532037629897037
0.6,0.8999999999999999,6,40,52.6791145133937
0.6,0.8999999999999999,6,80,89.34535522866277
0.6,0.8999999999999999,9,5,15.634608252795147
0.6,0.8999999999999999,9,10,20.67265345965727
0.6,0.8999999999999999,9,20,31.41471969530379
0.6,0.8999999999999999,9,40,53.687800157691264
0.6,0.8999999999999999,9,80,88.02908442954907
0.6,0.8999999999999999,12,5,15.736928650992224
0.6,0.8999999999999999,12,10,20.641727782040395
0.6,0.8999999999999999,12,20,31.450161015135773
0.6,0.8999999999999999,12,40,52.88706776370792
0.6,0.8999999999999999,12,80,89.76228406683633
0.7,0.0,3,5,3.7001323787381204
0.7,0.0,3,10,5.699227773668234
0.7,0.0,3,20,8.69944775083311
0.7,0.0,3,40,15.70058442173462
0.7,0.0,3,80,28.699817827808925
0.7,0.0,6,5,3.69913937941658
0.7,0.0,6,10,4.699805600666154
0.7,0.0,6,20,6.699138087853615
0.7,0.0,6,40,10.699858068821207
0.7,0.0,6,80,16.699573300680076
0.7,0.0,9,5,3.7003596710462268
0.7,0.0,9,10,4.699497397272248
0.7,0.0,9,20,6.699595053035462
0.7,0.0,9,40,9.699125533417464
0.7,0.0,9,80,13.699822876898654
0.7,0.0,12,5,3.6988965010396613
0.7,0.0,12,10,4.7001065439261005
0.7,0.0,12,20,6.698310814450302
0.7,0.0,12,40,9.700600189985884
0.7,0.0,12,80,13.700094918581312
0.7,0.1,3,5,3.9232076540971126
0.7,0.1,3,10,5.849521729805745
0.7,0.1,3,20,9.050504988491559
0.7,0.1,3,40,16.070416219108246
0.7,0.1,3,80,29.966722589738072
0.7,0.1,6,5,3.9220349822925367
0.7,0.1,6,10,5.12585988300087
0.7,0.1,6,20,7.245631116877969
0.7,0.1,6,40,10.94413631696227
0.7,0.1,6,80,17.490902221887108
0.7,0.1,9,5,3.922827395698495
0.7,0.1,9,10,5.125566031438698
0.7,0.1,9,20,7.243372227413728
0.7,0.1,9,40,10.223451137581582
0.7,0.1,9,80,14.612108147183035
0.7,0.1,12,5,3.923022593673591
0.7,0.1,12,10,5.124213637201319
0.7,0.1,12,20,7.2454752119817325
0.7,0.1,12,40,10.221327954367094
0.7,0.1,12,80,14.234205707333532
0.7,0.2,3,5,4.212112076424999
0.7,0.2,3,10,6.136300705242835
0.7,0.2,3,20,9.639590789376028
0.7,0.2,3,40,16.977759455884378
0.7,0.2,3,80,31.668706277484418
0.7,0.2,6,5,4.211901207034572
0.7,0.2,6,10,5.628364082483988
0.7,0.2,6,20,7.900069012809253
0.7,0.2,6,40,11.524506047224708
0.7,0.2,6,80,18.407737264109812
0.7,0.2,9,5,4.2093000176550435
0.7,0.2,9,10,5.633787219227762
0.7,0.2,9,20,7.906034510293751
0.7,0.2,9,40,11.032694088945389
0.7,0.2,9,80,15.710863090530447
0.7,0.2,12,5,4.213913438949184
0.7,0.2,12,10,5.632149687208924
0.7,0.2,12,20,7.904988354440303
0.7,0.2,12,40,11.03466451267334
0.7,0.2,12,80,15.366116039182803
0.7,0.30000000000000004,3,5,4.59470128004023
0.7,0.30000000000000004,3,10,6.615211721621347
0.7,0.30000000000000004,3,20,10.45576389579767
0.7,0.30000000000000004,3,40,18.3171612645553
0.7,0.30000000000000004,3,80,34.05931295763269
0.7,0.30000000000000004,6,5,4.599657222489633
0.7,0.30000000000000004,6,10,6.27944317486988
0.7,0.30000000000000004,6,20,8.783898200238262
0.7,0.30000000000000004,6,40,12.531860096408822
0.7,0.30000000000000004,6,80,19.61002414063804
0.7,0.30000000000000004,9,5,4.598101336641668
0.7,0.30000000000000004,9,10,6.2746120107362415
0.7,0.30000000000000004,9,20,8.774305233735681
0.7,0.30000000000000004,9,40,12.206471700226762
0.7,0.30000000000000004,9,80,17.230381480327
0.7,0.30000000000000004,12,5,4.597104065546949
0.7,0.30000000000000004,12,10,6.276692839224655
0.7,0.30000000000000004,12,20,8.773587016311236
0.7,0.30000000000000004,12,40,12.208218782551166
0.7,0.30000000000000004,12,80,17.02702806815608
0.7,0.4,3,5,5.108018474823695
0.7,0.4,3,10,7.356256820815197
0.7,0.4,3,20,11.575206137324328
0.7,0.4,3,40,20.138580274514176
0.7,0.4,3,80,37.70532405394002
0.7,0.4,6,5,5.107199454750476
0.7,0.4,6,10,7.133084449683365
0.7,0.4,6,20,9.988984035634946
0.7,0.4,6,40,14.109571620500015
0.7,0.4,6,80,21.39159577248509
0.7,0.4,9,5,5.107719993608472
0.7,0.4,9,10,7.131151812301723
0.7,0.4,9,20,9.982129025829124
0.7,0.4,9,40,13.919485623922421
0.7,0.4,9,80,19.480977535179157
0.7,0.4,12,5,5.110962067584174
0.7,0.4,12,10,7.129714562995339
0.7,0.4,12,20,9.98640212554624
0.7,0.4,12,40,13.896677210395483
0.7,0.4,12,80,19.396482264996422
0.7,0.5,3,5,5.800019277101467
0.7,0.5,3,10,8.405900951641986
0.7,0.5,3,20,13.022201002920243
0.7,0.5,3,40,22.328406791175556
0.7,0.5,3,80,41.52273552738291
0.7,0.5,6,5,5.7977420173326655
0.7,0.5,6,10,8.259358810609848
0.7,0.5,6,20,11.655518768982288
0.7,0.5,6,40,16.478721111666328
0.7,0.5,6,80,24.276307099341892
0.7,0.5,9,5,5.794303690119891
0.7,0.5,9,10,8.257355086222136
0.7,0.5,9,20,11.63436073184156
0.7,0.5,9,40,16.299744720709132
0.7,0.5,9,80,22.884838383252898
0.7,0.5,12,5,5.7890609504829875
0.7,0.5,12,10,8.275289445613815
0.7,0.5,12,20,11.609575431119604
0.7,0.5,12,40,16.29245192304023
0.7,0.5,12,80,22.84895324985911
0.7,0.6,3,5,6.720615043450225
0.7,0.6,3,10,9.842173678698861
0.7,0.6,3,20,15.04697931967968
0.7,0.6,3,40,25.047504686588372
0.7,0.6,3,80,45.4902519422376
0.7,0.6,6,5,6.704370866426262
0.7,0.6,6,10,9.749539865132405
0.7,0.6,6,20,13.959675385517448
0.7,0.6,6,40,19.92393332127697
0.7,0.6,6,80,29.189700261314343
0.7,0.6,9,5,6.714575993843705
0.7,0.6,9,10,9.776843791038159
0.7,0.6,9,20,13.914799225326181
0.7,0.6,9,40,19.84192034007719
0.7,0.6,9,80,28.22312851891707
0.7,0.6,12,5,6.714397255748029
0.7,0.6,12,10,9.776206611545536
0.7,0.6,12,20,13.912185545897664
0.7,0.6,12,40,19.905147843019208
0.7,0.6,12,80,28.263925341472913
0.7,0.7,3,5,8.028980756298516
0.7,0.7,3,10,11.832628472671667
0.7,0.7,3,20,18.034006209782827
0.7,0.7,3,40,28.888940384123263
0.7,0.7,3,80,50.30678841146767
0.7,0.7,6,5,8.027355316331418
0.7,0.7,6,10,11.799523867808157
0.7,0.7,6,20,17.281033532906324
0.7,0.7,6,40,25.24128465399979
0.7,0.7,6,80,37.063017969400235
0.7,0.7,9,5,8.050139993119556
0.7,0.7,9,10,11.77144055520876
0.7,0.7,9,20,17.262038382994966
0.7,0.7,9,40,25.250666595739368
0.7,0.7,9,80,36.77954250853677
0.7,0.7,12,5,8.027838815174967
0.7,0.7,12,10,11.782289689781456
0.7,0.7,12,20,17.316487251603608
0.7,0.7,12,40,25.180214505281892
0.7,0.7,12,80,36.841405241117556
0.7,0.7999999999999999,3,5,10.246360524919403
0.7,0.7999999999999999,3,10,14.791805640900696
0.7,0.7999999999999999,3,20,22.825210325390113
0.7,0.7999999999999999,3,40,36.30000421084179
0.7,0.7999999999999999,3,80,59.5587833942152
0.7,0.7999999999999999,6,5,10.261202422211909
0.7,0.7999999999999999,6,10,14.77914642831974
0.7,0.7999999999999999,6,20,22.373486272072732
0.7,0.7999999999999999,6,40,34.01791373976813
0.7,0.7999999999999999,6,80,52.85219223041558
0.7,0.7999999999999999,9,5,10.25476727443722
0.7,0.7999999999999999,9,10,14.745253684012532
0.7,0.7999999999999999,9,20,22.502683776080513
0.7,0.7999999999999999,9,40,34.44802403253978
0.7,0.7999999999999999,9,80,52.91646182383203
0.7,0.7999999999999999,12,5,10.26050706539453
0.7,0.7999999999999999,12,10,14.75733248758928
0.7,0.7999999999999999,12,20,22.526145128462794
0.7,0.7999999999999999,12,40,34.4186059915802
0.7,0.7999999999999999,12,80,52.74428854144548
0.7,0.8999999999999999,3,5,15.939670463821448
0.7,0.8999999999999999,3,10,20.910723124312526
0.7,0.8999999999999999,3,20,31.967947297967633
0.7,0.8999999999999999,3,40,54.205807264901516
0.7,0.8999999999999999,3,80,92.64475625591605
0.7,0.8999999999999999,6,5,15.866296073799878
0.7,0.8999999999999999,6,10,20.987327329153736
0.7,0.8999999999999999,6,20,31.78660243229938
0.7,0.8999999999999999,6,40,53.70631959657148
0.7,0.8999999999999999,6,80,91.03189130870194
0.7,0.8999999999999999,9,5,15.924230291589456
0.7,0.8999999999999999,9,10,20.975207246673996
0.7,0.8999999999999999,9,20,31.888223133764512
0.7,0.8999999999999999,9,40,54.228964032621526
0.7,0.8999999999999999,9,80,91.81372190906066
0.7,0.8999999999999999,12,5,15.852755239011278
0.7,0.8999999999999999,12,10,21.023232296625423
0.7,0.8999999999999999,12,20,31.70161974834626
0.7,0.8999999999999999,12,40,53.54875996664266
0.7,0.8999999999999999,12,80,91.03907426414482
0.7999999999999999,0.0,3,5,3.7993899338827952
0.7999999999999999,0.0,3,10,5.798953570922361
0.7999999999999999,0.0,3,20,8.798939093304043
0.7999999999999999,0.0,3,40,15.800504681720463
0.7999999999999999,0.0,3,80,28.799358707380136
0.7999999999999999,0.0,6,5,3.7999819899853833
0.7999999999999999,0.0,6,10,4.801714613074516
0.7999999999999999,0.0,6,20,6.799331057661505
0.7999999999999999,0.0,6,40,10.799611961868447
0.7999999999999999,0.0,6,80,16.79893318567344
0.7999999999999999,0.0,9,5,3.7996872858676385
0.7999999999999999,0.0,9,10,4.798778187750578
0.7999999999999999,0.0,9,20,6.7993153584353925
0.7999999999999999,0.0,9,40,9.799113720888064
0.7999999999999999,0.0,9,80,13.800644452932406
0.7999999999999999,0.0,12,5,3.800439923954345
0.7999999999999999,0.0,12,10,4.798863519590888
0.7999999999999999,0.0,12,20,6.7995618477163635
0.7999999999999999,0.0,12,40,9.799266515527654
0.7999999999999999,0.0,12,80,13.799884146271793
0.7999999999999999,0.1,3,5,4.025044775453793
0.7999999999999999,0.1,3,10,5.949042059927714
0.7999999999999999,0.1,3,20,9.150783875311708
0.7999999999999999,0.1,3,40,16.176221420339786
0.7999999999999999,0.1,3,80,30.081907430360808
0.7999999999999999,0.1,6,5,4.023292778493363
0.7999999999999999,0.1,6,10,5.226583245633842
0.7999999999999999,0.1,6,20,7.345924860785492
0.7999999999999999,0.1,6,40,11.043899947942545
0.7999999999999999,0.1,6,80,17.59513609232667
0.7999999999999999,0.1,9,5,4.023890825821587
0.7999999999999999,0.1,9,10,5.228093626604854
0.7999999999999999,0.1,9,20,7.345351126009601
0.7999999999999999,0.1,9,40,10.326995009692723
0.7999999999999999,0.1,9,80,14.717716163293092
0.7999999999999999,0.1,12,5,4.022634496801665
0.7999999999999999,0.1,12,10,5.228208068545997
0.7999999999999999,0.1,12,20,7.3469303493024425
0.7999999999999999,0.1,12,40,10.32576105645488
0.7999999999999999,0.1,12,80,14.339108991664197
0.7999999999999999,0.2,3,5,4.314634564670773
0.7999999999999999,0.2,3,10,6.237664642918097
0.7999999999999999,0.2,3,20,9.758553982882058
0.7999999999999999,0.2,3,40,17.123577344262177
0.7999999999999999,0.2,3,80,31.87185113283814
0.7999999999999999,0.2,6,5,4.31555750926322
0.7999999999999999,0.2,6,10,5.744020298522092
0.7999999999999999,0.2,6,20,8.018264815379132
0.7999999999999999,0.2,6,40,11.642294526718333
0.7999999999999999,0.2,6,80,18.524829919909337
0.7999999999999999,0.2,9,5,4.315651816047529
0.7999999999999999,0.2,9,10,5.740499132536116
0.7999999999999999,0.2,9,20,8.018293674378377
0.7999999999999999,0.2,9,40,11.156806662039182
0.7999999999999999,0.2,9,80,15.853502059755671
0.7999999999999999,0.2,12,5,4.315152987670031
0.7999999999999999,0.2,12,10,5.738278665090457
0.7999999999999999,0.2,12,20,8.022011235002001
0.7999999999999999,0.2,12,40,11.158182320395497
0.7999999999999999,0.2,12,80,15.50536594969018
0.7999999999999999,0.30000000000000004,3,5,4.705774898213029
0.7999999999999999,0.30000000000000004,3,10,6.732260138465527
0.7999999999999999,0.30000000000000004,3,20,10.61902732875135
0.7999999999999999,0.30000000000000004,3,40,18.55893419301641
0.7999999999999999,0.30000000000000004,3,80,34.625290852645065
0.7999999999999999,0.30000000000000004,6,5,4.707535708261486
0.7999999999999999,0.30000000000000004,6,10,6.403924055970664
0.7999999999999999,0.30000000000000004,6,20,8.913441803869656
0.7999999999999999,0.30000000000000004,6,40,12.695767269293485
0.7999999999999999,0.30000000000000004,6,80,19.775254282920038
0.7999999999999999,0.30000000000000004,9,5,4.708780590521321
0.7999999999999999,0.30000000000000004,9,10,6.399666357818858
0.7999999999999999,0.30000000000000004,9,20,8.921395705027402
0.7999999999999999,0.30000000000000004,9,40,12.383761532551432
0.7999999999999999,0.30000000000000004,9,80,17.42272795246808
0.7999999999999999,0.30000000000000004,12,5,4.705555061631054
0.7999999999999999,0.30000000000000004,12,10,6.404409494748544
0.7999999999999999,0.30000000000000004,12,20,8.920162288293962
0.7999999999999999,0.30000000000000004,12,40,12.38230011977068
0.7999999999999999,0.30000000000000004,12,80,17.227817406282146
0.7999999999999999,0.4,3,5,5.23126025912915
0.7999999999999999,0.4,3,10,7.515886016522502
0.7999999999999999,0.4,3,20,11.769819243381914
0.7999999999999999,0.4,3,40,20.50002684665791
0.7999999999999999,0.4,3,80,38.53106103951834
0.7999999999999999,0.4,6,5,5.232059793957054
0.7999999999999999,0.4,6,10,7.288101992735054
0.7999999999999999,0.4,6,20,10.173915335764995
0.7999999999999999,0.4,6,40,14.330116172679823
0.7999999999999999,0.4,6,80,21.70225032908405
0.7999999999999999,0.4,9,5,5.235366302881863
0.7999999999999999,0.4,9,10,7.279481452082511
0.7999999999999999,0.4,9,20,10.177361677868907
0.7999999999999999,0.4,9,40,14.16867399557401
0.7999999999999999,0.4,9,80,19.80656380091021
0.7999999999999999,0.4,12,5,5.230045920430644
0.7999999999999999,0.4,12,10,7.281410146852222
0.7999999999999999,0.4,12,20,10.166283199849746
0.7999999999999999,0.4,12,40,14.196439753365357
0.7999999999999999,0.4,12,80,19.753287090467243
0.7999999999999999,0.5,3,5,5.926648802568573
0.7999999999999999,0.5,3,10,8.567178225485815
0.7999999999999999,0.5,3,20,13.279993975241108
0.7999999999999999,0.5,3,40,22.884657393354374
0.7999999999999999,0.5,3,80,42.59002262595968
0.7999999999999999,0.5,6,5,5.929303634149143
0.7999999999999999,0.5,6,10,8.423678870989518
0.7999999999999999,0.5,6,20,11.868849402582768
0.7999999999999999,0.5,6,40,16.7934632711381
0.7999999999999999,0.5,6,80,24.81219907876045
0.7999999999999999,0.5,9,5,5.926091715382183
0.7999999999999999,0.5,9,10,8.422283076874074
0.7999999999999999,0.5,9,20,11.86675744463454
0.7999999999999999,0.5,9,40,16.648771360324282
0.7999999999999999,0.5,9,80,23.417796423537354
0.7999999999999999,0.5,12,5,5.936264852993188
0.7999999999999999,0.5,12,10,8.4331176915869
0.7999999999999999,0.5,12,20,11.86173379502259
0.7999999999999999,0.5,12,40,16.682331661449975
0.7999999999999999,0.5,12,80,23.393683982305603
0.7999999999999999,0.6,3,5,6.856335327332448
0.7999999999999999,0.6,3,10,10.024370078858373
0.7999999999999999,0.6,3,20,15.24329474121451
0.7999999999999999,0.6,3,40,25.391122838306355
0.7999999999999999,0.6,3,80,46.481225643590705
0.7999999999999999,0.6,6,5,6.859729662694295
0.7999999999999999,0.6,6,10,9.941124958528617
0.7999999999999999,0.6,6,20,14.213949016522944
0.7999999999999999,0.6,6,40,20.28498842877113
0.7999999999999999,0.6,6,80,29.55638327285461
0.7999999999999999,0.6,9,5,6.8499567033322775
0.7999999999999999,0.6,9,10,9.951054621934182
0.7999999999999999,0.6,9,20,14.131207818509989
0.7999999999999999,0.6,9,40,20.18401489123783
0.7999999999999999,0.6,9,80,28.860954054053764
0.7999999999999999,0.6,12,5,6.861430684181047
0.7999999999999999,0.6,12,10,9.962626919951168
0.7999999999999999,0.6,12,20,14.21097236619969
0.7999999999999999,0.6,12,40,20.29121955749873
0.7999999999999999,0.6,12,80,28.626056062444242
0.7999999999999999,0.7,3,5,8.20228673333001
0.7999999999999999,0.7,3,10,12.03110096579041
0.7999999999999999,0.7,3,20,18.29111452581862
0.7999999999999999,0.7,3,40,29.175762784687077
0.7999999999999999,0.7,3,80,50.955626488274
0.7999999999999999,0.7,6,5,8.189838808203902
0.7999999999999999,0.7,6,10,11.990580467296702
0.7999999999999999,0.7,6,20,17.540989479897004
0.7999999999999999,0.7,6,40,25.596602975144926
0.7999999999999999,0.7,6,80,38.12225422732547
0.7999999999999999,0.7,9,5,8.184457734035572
0.7999999999999999,0.7,9,10,12.02034316816863
0.7999999999999999,0.7,9,20,17.479649740649176
0.7999999999999999,0.7,9,40,25.48379860775231
0.7999999999999999,0.7,9,80,37.39818819996691
0.7999999999999999,0.7,12,5,8.185959020359467
0.7999999999999999,0.7,12,10,11.97966127940554
0.7999999999999999,0.7,12,20,17.5059290989177
0.7999999999999999,0.7,12,40,25.582878502951363
0.7999999999999999,0.7,12,80,37.59913215162964
0.7999999999999999,0.7999999999999999,3,5,10.423948668347599
0.7999999999999999,0.7999999999999999,3,10,14.997408921842974
0.7999999999999999,0.7999999999999999,3,20,23.12655627493705
0.7999999999999999,0.7999999999999999,3,40,36.42192356899917
0.7999999999999999,0.7999999999999999,3,80,59.59660859827309
0.7999999999999999,0.7999999999999999,6,5,10.429189966936383
0.7999999999999999,0.7999999999999999,6,10,14.932109388230144
0.7999999999999999,0.7999999999999999,6,20,22.73424833614591
0.7999999999999999,0.7999999999999999,6,40,34.723093875466056
0.7999999999999999,0.7999999999999999,6,80,53.928486642448014
0.7999999999999999,0.7999999999999999,9,5,10.42770695252618
0.7999999999999999,0.7999999999999999,9,10,14.991175956208531
0.7999999999999999,0.7999999999999999,9,20,22.71465291724452
0.7999999999999999,0.7999999999999999,9,40,34.714245509142
0.7999999999999999,0.7999999999999999,9,80,52.69374087737589
0.7999999999999999,0.7999999999999999,12,5,10.416452298483893
0.7999999999999999,0.7999999999999999,12,10,15.020024176575326
0.7999999999999999,0.7999999999999999,12,20,22.799354871790126
0.7999999999999999,0.7999999999999999,12,40,34.441043053899335
0.7999999999999999,0.7999999999999999,12,80,53.77780195765016
0.7999999999999999,0.8999999999999999,3,5,16.072926205566397
0.7999999999999999,0.8999999999999999,3,10,21.200499231694238
0.7999999999999999,0.8999999999999999,3,20,32.25097682263641
0.7999999999999999,0.8999999999999999,3,40,54.14127495720822
0.7999999999999999,0.8999999999999999,3,80,93.14486876659085
0.7999999999999999,0.8999999999999999,6,5,16.10523337540068
0.7999999999999999,0.8999999999999999,6,10,21.259387439540856
0.7999999999999999,0.8999999999999999,6,20,32.24818746633774
0.7999999999999999,0.8999999999999999,6,40,54.55532301574974
0.7999999999999999,0.8999999999999999,6,80,91.1674890372361
0.7999999999999999,0.8999999999999999,9,5,16.12539458669656
0.7999999999999999,0.8999999999999999,9,10,21.205017034175842
0.7999999999999999,0.8999999999999999,9,20,32.19318798675781
0.7999999999999999,0.8999999999999999,9,40,53.791021964641594
0.7999999999999999,0.8999999999999999,9,80,90.29875359483495
0.7999999999999999,0.8999999999999999,12,5,16.055821725969036
0.7999999999999999,0.8999999999999999,12,10,21.22056606694974
0.7999999999999999,0.8999999999999999,12,20,32.16760097623748
0.7999999999999999,0.8999999999999999,12,40,55.25027813307638
0.7999999999999999,0.8999999999999999,12,80,92.26878505141876
0.8999999999999999,0.0,3,5,3.9003737815757273
0.8999999999999999,0.0,3,10,5.89926949475213
0.8999999999999999,0.0,3,20,8.899896699883724
0.8999999999999999,0.0,3,40,15.899510010901288
0.8999999999999999,0.0,3,80,28.899777288182918
0.8999999999999999,0.0,6,5,3.900163255741016
0.8999999999999999,0.0,6,10,4.900182939156631
0.8999999999999999,0.0,6,20,6.900580653001034
0.8999999999999999,0.0,6,40,10.90013861938143
0.8999999999999999,0.0,6,80,16.89954386973244
0.8999999999999999,0.0,9,5,3.8998930516988213
0.8999999999999999,0.0,9,10,4.8994477796009885
0.8999999999999999,0.0,9,20,6.899696873244318
0.8999999999999999,0.0,9,40,9.899968044111231
0.8999999999999999,0.0,9,80,13.900281793037113
0.8999999999999999,0.0,12,5,3.8996917516460035
0.8999999999999999,0.0,12,10,4.900472205642008
0.8999999999999999,0.0,12,20,6.900222703769962
0.8999999999999999,0.0,12,40,9.899743038140809
0.8999999999999999,0.0,12,80,13.90011417321865
0.8999999999999999,0.1,3,5,4.12519828745814
0.8999999999999999,0.1,3,10,6.049833897326718
0.8999999999999999,0.1,3,20,9.255159905971478
0.8999999999999999,0.1,3,40,16.28033996684448
0.8999999999999999,0.1,3,80,30.18853601837051
0.8999999999999999,0.1,6,5,4.124491554176273
0.8999999999999999,0.1,6,10,5.3285280906422505
0.8999999999999999,0.1,6,20,7.448988812098407
0.8999999999999999,0.1,6,40,11.146263022794603
0.8999999999999999,0.1,6,80,17.696114913323193
0.8999999999999999,0.1,9,5,4.1230718618932745
0.8999999999999999,0.1,9,10,5.326170115699721
0.8999999999999999,0.1,9,20,7.447612284938573
0.8999999999999999,0.1,9,40,10.426175909053535
0.8999999999999999,0.1,9,80,14.81829785608693
0.8999999999999999,0.1,12,5,4.122613208793574
0.8999999999999999,0.1,12,10,5.327680788097805
0.8999999999999999,0.1,12,20,7.449817744440119
0.8999999999999999,0.1,12,40,10.429486294775138
0.8999999999999999,0.1,12,80,14.445206889557898
0.8999999999999999,0.2,3,5,4.420255548664264
0.8999999999999999,0.2,3,10,6.340792340292288
0.8999999999999999,0.2,3,20,9.867380577925594
0.8999999999999999,0.2,3,40,17.245944387005082
0.8999999999999999,0.2,3,80,32.04329053925073
0.8999999999999999,0.2,6,5,4.417640365275814
0.8999999999999999,0.2,6,10,5.84500527406466
0.8999999999999999,0.2,6,20,8.131401781725582
0.8999999999999999,0.2,6,40,11.755684682806375
0.8999999999999999,0.2,6,80,18.638271938356688
0.8999999999999999,0.2,9,5,4.41770061408651
0.8999999999999999,0.2,9,10,5.842624622257267
0.8999999999999999,0.2,9,20,8.13258085710434
0.8999999999999999,0.2,9,40,11.272998113052463
0.8999999999999999,0.2,9,80,15.965056348545467
0.8999999999999999,0.2,12,5,4.417518741511178
0.8999999999999999,0.2,12,10,5.8488910050591425
0.8999999999999999,0.2,12,20,8.127199455927656
0.8999999999999999,0.2,12,40,11.272763376639878
0.8999999999999999,0.2,12,80,15.638346071492263
0.8999999999999999,0.30000000000000004,3,5,4.814107529749253
0.8999999999999999,0.30000000000000004,3,10,6.849794343779732
0.8999999999999999,0.30000000000000004,3,20,10.743854768184212
0.8999999999999999,0.30000000000000004,3,40,18.789356789170633
0.8999999999999999,0.30000000000000004,3,80,35.0325259938033
0.8999999999999999,0.30000000000000004,6,5,4.817583125886857
0.8999999999999999,0.30000000000000004,6,10,6.516104430586812
0.8999999999999999,0.30000000000000004,6,20,9.040971306098477
0.8999999999999999,0.30000000000000004,6,40,12.844198176821108
0.8999999999999999,0.30000000000000004,6,80,19.912696382952937
0.8999999999999999,0.30000000000000004,9,5,4.811115123800612
0.8999999999999999,0.30000000000000004,9,10,6.518587433051199
0.8999999999999999,0.30000000000000004,9,20,9.043912209483898
0.8999999999999999,0.30000000000000004,9,40,12.523922532590541
0.8999999999999999,0.30000000000000004,9,80,17.596440328205038
0.8999999999999999,0.30000000000000004,12,5,4.81302304072749
0.8999999999999999,0.30000000000000004,12,10,6.518422411508533
0.8999999999999999,0.30000000000000004,12,20,9.05250330935737
0.8999999999999999,0.30000000000000004,12,40,12.525634606213284
0.8999999999999999,0.30000000000000004,12,80,17.389725968211064
0.8999999999999999,0.4,3,5,5.346817909859197
0.8999999999999999,0.4,3,10,7.621827204260543
0.8999999999999999,0.4,3,20,11.945289706646204
0.8999999999999999,0.4,3,40,20.808549975460423
0.8999999999999999,0.4,3,80,39.177222532893495
0.8999999999999999,0.4,6,5,5.346637346310194
0.8999999999999999,0.4,6,10,7.405101348700514
0.8999999999999999,0.4,6,20,10.31504915242914
0.8999999999999999,0.4,6,40,14.513835766872813
0.8999999999999999,0.4,6,80,21.888877891078533
0.8999999999999999,0.4,9,5,5.349282687537848
0.8999999999999999,0.4,9,10,7.405129068561854
0.8999999999999999,0.4,9,20,10.342220841559431
0.8999999999999999,0.4,9,40,14.366888976657933
0.8999999999999999,0.4,9,80,20.036932961657694
0.8999999999999999,0.4,12,5,5.345899045239054
0.8999999999999999,0.4,12,10,7.405202611180415
0.8999999999999999,0.4,12,20,10.328764594548828
0.8999999999999999,0.4,12,40,14.335774668851911
0.8999999999999999,0.4,12,80,19.9479182730849
0.8999999999999999,0.5,3,5,6.039448180893884
0.8999999999999999,0.5,3,10,8.717956189421924
0.8999999999999999,0.5,3,20,13.438300122517996
0.8999999999999999,0.5,3,40,23.13682122460643
0.8999999999999999,0.5,3,80,43.34151532712184
0.8999999999999999,0.5,6,5,6.050756017532657
0.8999999999999999,0.5,6,10,8.573410975356023
0.8999999999999999,0.5,6,20,12.044122085147679
0.8999999999999999,0.5,6,40,16.990944574832245
0.8999999999999999,0.5,6,80,25.061465507792736
0.8999999999999999,0.5,9,5,6.052597414077029
0.8999999999999999,0.5,9,10,8.576772974498834
0.8999999999999999,0.5,9,20,12.063298338471224
0.8999999999999999,0.5,9,40,16.90430940493499
0.8999999999999999,0.5,9,80,23.742101638419452
0.8999999999999999,0.5,12,5,6.048283711156242
0.8999999999999999,0.5,12,10,8.56026306898863
0.8999999999999999,0.5,12,20,12.06403919463785
0.8999999999999999,0.5,12,40,16.990830368353603
0.8999999999999999,0.5,12,80,23.688510569898668
0.8999999999999999,0.6,3,5,6.996829692767748
0.8999999999999999,0.6,3,10,10.176954978792235
0.8999999999999999,0.6,3,20,15.41786145127353
0.8999999999999999,0.6,3,40,25.751293975157182
0.8999999999999999,0.6,3,80,46.758868597767844
0.8999999999999999,0.6,6,5,6.987865946334185
0.8999999999999999,0.6,6,10,10.094511224799007
0.8999999999999999,0.6,6,20,14.425227752975541
0.8999999999999999,0.6,6,40,20.582353876829025
0.8999999999999999,0.6,6,80,30.007428849572772
0.8999999999999999,0.6,9,5,6.9935479236171325
0.8999999999999999,0.6,9,10,10.097605618344987
0.8999999999999999,0.6,9,20,14.42284159353736
0.8999999999999999,0.6,9,40,20.503517634702686
0.8999999999999999,0.6,9,80,29.349073837105408
0.8999999999999999,0.6,12,5,6.987918536476878
0.8999999999999999,0.6,12,10,10.124445391441038
0.8999999999999999,0.6,12,20,14.381729782882715
0.8999999999999999,0.6,12,40,20.469526876441588
0.8999999999999999,0.6,12,80,28.973290882157798
0.8999999999999999,0.7,3,5,8.345153999102987
0.8999999999999999,0.7,3,10,12.175508795883022
0.8999999999999999,0.7,3,20,18.44787584838754
0.8999999999999999,0.7,3,40,29.583425170633646
0.8999999999999999,0.7,3,80,51.76565053577504
0.8999999999999999,0.7,6,5,8.329557032302331
0.8999999999999999,0.7,6,10,12.117587471969353
0.8999999999999999,0.7,6,20,17.701579966265317
0.8999999999999999,0.7,6,40,25.83165124669166
0.8999999999999999,0.7,6,80,38.12467484520096
0.8999999999999999,0.7,9,5,8.323929362749878
0.8999999999999999,0.7,9,10,12.158085658816297
0.8999999999999999,0.7,9,20,17.70997386520087
0.8999999999999999,0.7,9,40,25.58780178741711
0.8999999999999999,0.7,9,80,37.543537646693196
0.8999999999999999,0.7,12,5,8.330035202712393
0.8999999999999999,0.7,12,10,12.124153342802025
0.8999999999999999,0.7,12,20,17.630632014492715
0.8999999999999999,0.7,12,40,25.699362430281482
0.8999999999999999,0.7,12,80,37.890887337002546
0.8999999999999999,0.7999999999999999,3,5,10.557498061595078
0.8999999999999999,0.7999999999999999,3,10,15.194691415207023
0.8999999999999999,0.7999999999999999,3,20,23.319731257711688
0.8999999999999999,0.7999999999999999,3,40,36.78614075729573
0.8999999999999999,0.7999999999999999,3,80,59.9336703519207
0.8999999999999999,0.7999999999999999,6,5,10.564893375516682
0.8999999999999999,0.7999999999999999,6,10,15.130567342188774
0.8999999999999999,0.7999999999999999,6,20,22.96848766705425
0.8999999999999999,0.7999999999999999,6,40,34.75563370560647
0.8999999999999999,0.7999999999999999,6,80,53.88829497434414
0.8999999999999999,0.7999999999999999,9,5,10.581109658520655
0.8999999999999999,0.7999999999999999,9,10,15.160533945562364
0.8999999999999999,0.7999999999999999,9,20,22.794656953110533
0.8999999999999999,0.7999999999999999,9,40,35.1652257157985
0.8999999999999999,0.7999999999999999,9,80,53.903207230348244
0.8999999999999999,0.7999999999999999,12,5,10.58377067071408
0.8999999999999999,0.7999999999999999,12,10,15.097716269423513
0.8999999999999999,0.7999999999999999,12,20,23.06759428550871
0.8999999999999999,0.7999999999999999,12,40,34.837459448389794
0.8999999999999999,0.7999999999999999,12,80,54.85280351910549
0.8999999999999999,0.8999999999999999,3,5,16.215368624688054
0.8999999999999999,0.8999999999999999,3,10,21.465503423797603
0.8999999999999999,0.8999999999999999,3,20,32.4292732140793
0.8999999999999999,0.8999999999999999,3,40,54.902978279722696
0.8999999999999999,0.8999999999999999,3,80,91.12396029057422
0.8999999999999999,0.8999999999999999,6,5,16.13004792001187
0.8999999999999999,0.8999999999999999,6,10,21.36911903464741
0.8999999999999999,0.8999999999999999,6,20,32.19717979435144
0.8999999999999999,0.8999999999999999,6,40,55.04242767964849
0.8999999999999999,0.8999999999999999,6,80,92.58575367288863
0.8999999999999999,0.8999999999999999,9,5,16.204533120040818
0.8999999999999999,0.8999999999999999,9,10,21.318235131540618
0.8999999999999999,0.8999999999999999,9,20,32.170071989790564
0.8999999999999999,0.8999999999999999,9,40,54.24401464626524
0.8999999999999999,0.8999999999999999,9,80,90.91033214459145
0.8999999999999999,0.8999999999999999,12,5,16.257388340607218
0.8999999999999999,0.8999999999999999,12,10,21.2729424405912
0.8999999999999999,0.8999999999999999,12,20,32.48311873311638
0.8999999999999999,0.8999999999999999,12,40,53.91262373847565
0.8999999999999999,0.8999999999999999,12,80,93.81912929115461
0.9999999999999999,0.0,3,5,3.999799959992002
0.9999999999999999,0.0,3,10,5.999799919967993
0.9999999999999999,0.0,3,20,8.999799879927966
0.9999999999999999,0.0,3,40,15.999799719607438
0.9999999999999999,0.0,3,80,28.999799478644487
0.9999999999999999,0.0,6,5,3.999799959992002
0.9999999999999999,0.0,6,10,4.999799959992003
0.9999999999999999,0.0,6,20,6.999799919968
0.9999999999999999,0.0,6,40,10.99979983987191
0.9999999999999999,0.0,6,80,16.999799719607434
0.9999999999999999,0.0,9,5,3.999799959992002
0.9999999999999999,0.0,9,10,4.999799959992003
0.9999999999999999,0.0,9,20,6.999799919968
0.9999999999999999,0.0,9,40,9.99979983987191
0.9999999999999999,0.0,9,80,13.999799759711632
0.9999999999999999,0.0,12,5,3.999799959992002
0.9999999999999999,0.0,12,10,4.999799959992003
0.9999999999999999,0.0,12,20,6.999799919968
0.9999999999999999,0.0,12,40,9.99979983987191
0.9999999999999999,0.0,12,80,13.999799759711632
0.9999999999999999,0.1,3,5,4.223847117741307
0.9999999999999999,0.1,3,10,6.149386816702576
0.9999999999999999,0.1,3,20,9.352813685888954
0.9999999999999999,0.1,3,40,16.379705117421413
0.9999999999999999,0.1,3,80,30.294393676066846
0.9999999999999999,0.1,6,5,4.223767503615291
0.9999999999999999,0.1,6,10,5.426632471563657
0.9999999999999999,0.1,6,20,7.548336599554727
0.9999999999999999,0.1,6,40,11.245079450371122
0.9999999999999999,0.1,6,80,17.796853120237852
0.9999999999999999,0.1,9,5,4.225448906741451
0.9999999999999999,0.1,9,10,5.428118833653976
0.9999999999999999,0.1,9,20,7.552064590118769
0.9999999999999999,0.1,9,40,10.52868860953694
0.9999999999999999,0.1,9,80,14.91924356004843
0.9999999999999999,0.1,12,5,4.223211124853688
0.9999999999999999,0.1,12,10,5.42809650263785
0.9999999999999999,0.1,12,20,7.549393724516855
0.9999999999999999,0.1,12,40,10.528731831517621
0.9999999999999999,0.1,12,80,14.547087753896443
0.9999999999999999,0.2,3,5,4.519715244398493
0.9999999999999999,0.2,3,10,6.443891184473573
0.9999999999999999,0.2,3,20,9.972744572896625
0.9999999999999999,0.2,3,40,17.35650504668692
0.9999999999999999,0.2,3,80,32.17863847881421
0.9999999999999999,0.2,6,5,4.518706616174743
0.9999999999999999,0.2,6,10,5.946917349167045
0.9999999999999999,0.2,6,20,8.232486492097832
0.9999999999999999,0.2,6,40,11.853481816534172
0.9999999999999999,0.2,6,80,18.748042300678346
0.9999999999999999,0.2,9,5,4.51934968188095
0.9999999999999999,0.2,9,10,5.944458257439891
0.9999999999999999,0.2,9,20,8.232350050630735
0.9999999999999999,0.2,9,40,11.376299211495477
0.9999999999999999,0.2,9,80,16.066380093917598
0.9999999999999999,0.2,12,5,4.5188621448849515
0.9999999999999999,0.2,12,10,5.945091387131015
0.9999999999999999,0.2,12,20,8.232512077621333
0.9999999999999999,0.2,12,40,11.380290219932698
0.9999999999999999,0.2,12,80,15.734828856811546
0.9999999999999999,0.30000000000000004,3,5,4.918919499031019
0.9999999999999999,0.30000000000000004,3,10,6.954574029486747
0.9999999999999999,0.30000000000000004,3,20,10.852776395196756
0.9999999999999999,0.30000000000000004,3,40,18.906252864718102
0.9999999999999999,0.30000000000000004,3,80,35.22756974978296
0.9999999999999999,0.30000000000000004,6,5,4.915956062829299
0.9999999999999999,0.30000000000000004,6,10,6.625734182501734
0.9999999999999999,0.30000000000000004,6,20,9.14871457367024
0.9999999999999999,0.30000000000000004,6,40,12.930203445937172
0.9999999999999999,0.30000000000000004,6,80,20.025048583923116
0.9999999999999999,0.30000000000000004,9,5,4.918956279767655
0.9999999999999999,0.30000000000000004,9,10,6.619104188274417
0.9999999999999999,0.30000000000000004,9,20,9.149259489028449
0.9999999999999999,0.30000000000000004,9,40,12.643387392031995
0.9999999999999999,0.30000000000000004,9,80,17.721943374130667
0.9999999999999999,0.30000000000000004,12,5,4.9171481827686545
0.9999999999999999,0.30000000000000004,12,10,6.6246410243873575
0.9999999999999999,0.30000000000000004,12,20,9.160897047249545
0.9999999999999999,0.30000000000000004,12,40,12.642396415263747
0.9999999999999999,0.30000000000000004,12,80,17.52636545727479
0.9999999999999999,0.4,3,5,5.450310519235306
0.9999999999999999,0.4,3,10,7.7325891996118745
0.9999999999999999,0.4,3,20,12.065445663989918
0.9999999999999999,0.4,3,40,21.03575860784213
0.9999999999999999,0.4,3,80,39.489599433502015
0.9999999999999999,0.4,6,5,5.449987810435131
0.9999999999999999,0.4,6,10,7.510573767788725
0.9999999999999999,0.4,6,20,10.470099963297162
0.9999999999999999,0.4,6,40,14.663054884671427
0.9999999999999999,0.4,6,80,21.99291724764338
0.9999999999999999,0.4,9,5,5.448579473479219
0.9999999999999999,0.4,9,10,7.5210426824314105
0.9999999999999999,0.4,9,20,10.450482812167014
0.9999999999999999,0.4,9,40,14.47603572341333
0.9999999999999999,0.4,9,80,20.17533209697716
0.9999999999999999,0.4,12,5,5.456906697989917
0.9999999999999999,0.4,12,10,7.522634774736549
0.9999999999999999,0.4,12,20,10.435475739128217
0.9999999999999999,0.4,12,40,14.464205451917872
0.9999999999999999,0.4,12,80,20.075279909512524
0.9999999999999999,0.5,3,5,6.152755705685126
0.9999999999999999,0.5,3,10,8.838279924386937
0.9999999999999999,0.5,3,20,13.583481875167415
0.9999999999999999,0.5,3,40,23.256765849821115
0.9999999999999999,0.5,3,80,43.349758017510105
0.9999999999999999,0.5,6,5,6.152623871091099
0.9999999999999999,0.5,6,10,8.693818116201127
0.9999999999999999,0.5,6,20,12.187254829100068
0.9999999999999999,0.5,6,40,17.154402776736507
0.9999999999999999,0.5,6,80,25.08982450202171
0.9999999999999999,0.5,9,5,6.160354842541202
0.9999999999999999,0.5,9,10,8.704134248535603
0.9999999999999999,0.5,9,20,12.204106321128158
0.9999999999999999,0.5,9,40,17.065294778381002
0.9999999999999999,0.5,9,80,23.94118681868777
0.9999999999999999,0.5,12,5,6.162035658441706
0.9999999999999999,0.5,12,10,8.684059370709628
0.9999999999999999,0.5,12,20,12.152623608199253
0.9999999999999999,0.5,12,40,17.06566842210325
0.9999999999999999,0.5,12,80,23.97531852925785
0.9999999999999999,0.6,3,5,7.099380859832533
0.9999999999999999,0.6,3,10,10.297988805457702
0.9999999999999999,0.6,3,20,15.622399498000169
0.9999999999999999,0.6,3,40,25.805586709388805
0.9999999999999999,0.6,3,80,47.00044946799802
0.9999999999999999,0.6,6,5,7.100222154109755
0.9999999999999999,0.6,6,10,10.228865954666585
0.9999999999999999,0.6,6,20,14.512015355932874
0.9999999999999999,0.6,6,40,20.613134922371586
0.9999999999999999,0.6,6,80,30.239963577467236
0.9999999999999999,0.6,9,5,7.086827860302298
0.9999999999999999,0.6,9,10,10.23778807781988
0.9999999999999999,0.6,9,20,14.491879645893155
0.9999999999999999,0.6,9,40,20.622302503716664
0.9999999999999999,0.6,9,80,29.357281886400866
0.9999999999999999,0.6,12,5,7.0988815448422224
0.9999999999999999,0.6,12,10,10.197266679834707
0.9999999999999999,0.6,12,20,14.523921166086721
0.9999999999999999,0.6,12,40,20.606120899968634
0.9999999999999999,0.6,12,80,29.510483091900138
0.9999999999999999,0.7,3,5,8.461941737355161
0.9999999999999999,0.7,3,10,12.275170441924494
0.9999999999999999,0.7,3,20,18.569045837291853
0.9999999999999999,0.7,3,40,29.50428832461197
0.9999999999999999,0.7,3,80,51.837712329504214
0.9999999999999999,0.7,6,5,8.45231851752369
0.9999999999999999,0.7,6,10,12.313807213428717
0.9999999999999999,0.7,6,20,17.922273079884555
0.9999999999999999,0.7,6,40,25.978103875750136
0.9999999999999999,0.7,6,80,38.59777806021095
0.9999999999999999,0.7,9,5,8.44457064930183
0.9999999999999999,0.7,9,10,12.241125390239349
0.9999999999999999,0.7,9,20,17.89263317859498
0.9999999999999999,0.7,9,40,25.878138370538878
0.9999999999999999,0.7,9,80,37.79148209883621
0.9999999999999999,0.7,12,5,8.443520697213177
0.9999999999999999,0.7,12,10,12.247089470890565
0.9999999999999999,0.7,12,20,17.846061673147222
0.9999999999999999,0.7,12,40,26.03310403963772
0.9999999999999999,0.7,12,80,38.20833365830845
0.9999999999999999,0.7999999999999999,3,5,10.686801872525564
0.9999999999999999,0.7999999999999999,3,10,15.315502460123195
0.9999999999999999,0.7999999999999999,3,20,23.584507485287332
0.9999999999999999,0.7999999999999999,3,40,36.85212407103111
0.9999999999999999,0.7999999999999999,3,80,60.902768405826095
0.9999999999999999,0.7999999999999999,6,5,10.6671389394404
0.9999999999999999,0.7999999999999999,6,10,15.236009633463166
0.9999999999999999,0.7999999999999999,6,20,23.054812146245016
0.9999999999999999,0.7999999999999999,6,40,34.956206333619164
0.9999999999999999,0.7999999999999999,6,80,54.36755030349618
0.9999999999999999,0.7999999999999999,9,5,10.691523528515857
0.9999999999999999,0.7999999999999999,9,10,15.243800625010808
0.9999999999999999,0.7999999999999999,9,20,23.13250464664767
0.9999999999999999,0.7999999999999999,9,40,34.96597785808019
0.9999999999999999,0.7999999999999999,9,80,53.60571172648829
0.9999999999999999,0.7999999999999999,12,5,10.690863961126134
0.9999999999999999,0.7999999999999999,12,10,15.249683143519931
0.9999999999999999,0.7999999999999999,12,20,23.01650622982281
0.9999999999999999,0.7999999999999999,12,40,35.14225636750662
0.9999999999999999,0.7999999999999999,12,80,52.97682674475609
0.9999999999999999,0.8999999999999999,3,5,16.297033482370818
0.9999999999999999,0.8999999999999999,3,10,21.54697455694544
0.9999999999999999,0.8999999999999999,3,20,32.8259380085716
0.9999999999999999,0.8999999999999999,3,40,54.392265330962566
0.9999999999999999,0.8999999999999999,3,80,92.56040101060124
0.9999999999999999,0.8999999999999999,6,5,16.292783307629005
0.9999999999999999,0.8999999999999999,6,10,21.499169786204362
0.9999999999999999,0.8999999999999999,6,20,32.40665159297805
0.9999999999999999,0.8999999999999999,6,40,54.55020555765269
0.9999999999999999,0.8999999999999999,6,80,89.34305546107204
0.9999999999999999,0.8999999999999999,9,5,16.345985021416556
0.9999999999999999,0.8999999999999999,9,10,21.545349423363156
0.9999999999999999,0.8999999999999999,9,20,32.863519935256456
0.9999999999999999,0.8999999999999999,9,40,54.7542369796096
0.9999999999999999,0.8999999999999999,9,80,92.56870500596544
0.9999999999999999,0.8999999999999999,12,5,16.31780778968608
0.9999999999999999,0.8999999999999999,12,10,21.3848401926985
0.9999999999999999,0.8999999999999999,12,20,32.40323089081166
0.9999999999999999,0.8999999999999999,12,40,54.943477178687615
0.9999999999999999,0.8999999999999999,12,80,93.13293064340336
