q,p,v,l,timeOnRoad0.1,0.0,3,5,3.100456390985019
0.1,0.0,3,10,5.099152035823194
0.1,0.0,3,20,8.100581971022693
0.1,0.0,3,40,15.100319132769362
0.1,0.0,3,80,28.1005021088572
0.1,0.0,6,5,3.1003697993813164
0.1,0.0,6,10,4.101043051024929
0.1,0.0,6,20,6.1002315580549125
0.1,0.0,6,40,10.101061198113875
0.1,0.0,6,80,16.099927266849846
0.1,0.0,12,5,3.099215998869908
0.1,0.0,12,10,4.1002392684064315
0.1,0.0,12,20,6.099683911818467
0.1,0.0,12,40,9.100950906678461
0.1,0.0,12,80,13.101024269640245
0.1,0.1,3,5,3.3112173921873254
0.1,0.1,3,10,5.242501043288853
0.1,0.1,3,20,8.425284882767667
0.1,0.1,3,40,15.426644649121007
0.1,0.1,3,80,29.193045721889824
0.1,0.1,6,5,3.3151866270218355
0.1,0.1,6,10,4.509822922191848
0.1,0.1,6,20,6.605182786692679
0.1,0.1,6,40,10.318598261615614
0.1,0.1,6,80,16.83327693522421
0.1,0.1,12,5,3.3154754607494588
0.1,0.1,12,10,4.505281097243625
0.1,0.1,12,20,6.605809001813403
0.1,0.1,12,40,9.572229121550194
0.1,0.1,12,80,13.562308728118497
0.1,0.2,3,5,3.5620831779959405
0.1,0.2,3,10,5.472965281730222
0.1,0.2,3,20,8.899213099934254
0.1,0.2,3,40,16.09479352933838
0.1,0.2,3,80,30.419929156382636
0.1,0.2,6,5,3.5649804721897045
0.1,0.2,6,10,4.93822309765706
0.1,0.2,6,20,7.145405989567097
0.1,0.2,6,40,10.752579984695883
0.1,0.2,6,80,17.59029300071012
0.1,0.2,12,5,3.568039484052922
0.1,0.2,12,10,4.945548637169601
0.1,0.2,12,20,7.139781604193862
0.1,0.2,12,40,10.191328749534026
0.1,0.2,12,80,14.38137414994109
0.1,0.30000000000000004,3,5,3.8689691315968764
0.1,0.30000000000000004,3,10,5.811551624282631
0.1,0.30000000000000004,3,20,9.451346870677185
0.1,0.30000000000000004,3,40,16.908110563060447
0.1,0.30000000000000004,3,80,31.7904990070296
0.1,0.30000000000000004,6,5,3.873946028190444
0.1,0.30000000000000004,6,10,5.4300539993250085
0.1,0.30000000000000004,6,20,7.752113123609787
0.1,0.30000000000000004,6,40,11.39382829208677
0.1,0.30000000000000004,6,80,18.40155947470326
0.1,0.30000000000000004,12,5,3.882668768058839
0.1,0.30000000000000004,12,10,5.434678385936876
0.1,0.30000000000000004,12,20,7.756507779957821
0.1,0.30000000000000004,12,40,10.976206205891298
0.1,0.30000000000000004,12,80,15.477841515333989
0.1,0.4,3,5,4.266286793505671
0.1,0.4,3,10,6.278723909430378
0.1,0.4,3,20,10.112999251732402
0.1,0.4,3,40,17.85413366950038
0.1,0.4,3,80,33.304363364631726
0.1,0.4,6,5,4.260769703570312
0.1,0.4,6,10,6.018999880912427
0.1,0.4,6,20,8.499671516731107
0.1,0.4,6,40,12.280343647051223
0.1,0.4,6,80,19.418950471825
0.1,0.4,12,5,4.256921337425295
0.1,0.4,12,10,6.020397427777002
0.1,0.4,12,20,8.504704452831811
0.1,0.4,12,40,11.985624650822983
0.1,0.4,12,80,16.865549023408057
0.1,0.5,3,5,4.779670414975492
0.1,0.5,3,10,6.927635952665869
0.1,0.5,3,20,10.951016206163656
0.1,0.5,3,40,19.01144063090081
0.1,0.5,3,80,35.1145044087022
0.1,0.5,6,5,4.781324334790065
0.1,0.5,6,10,6.75545783293897
0.1,0.5,6,20,9.4789651568719
0.1,0.5,6,40,13.470338086809383
0.1,0.5,6,80,20.78053963838665
0.1,0.5,12,5,4.787049384362359
0.1,0.5,12,10,6.7546682403768
0.1,0.5,12,20,9.48258148978188
0.1,0.5,12,40,13.297433907886715
0.1,0.5,12,80,18.68669950738916
0.1,0.6,3,5,5.507966902250229
0.1,0.6,3,10,7.864697945986182
0.1,0.6,3,20,12.09454689024107
0.1,0.6,3,40,20.490177605638717
0.1,0.6,3,80,37.25133031253631
0.1,0.6,6,5,5.512233962176425
0.1,0.6,6,10,7.757822750124816
0.1,0.6,6,20,10.792530539383263
0.1,0.6,6,40,15.215012157486205
0.1,0.6,6,80,22.743564379480496
0.1,0.6,12,5,5.510794543468662
0.1,0.6,12,10,7.770585639977708
0.1,0.6,12,20,10.789749732520816
0.1,0.6,12,40,15.10649571455189
0.1,0.6,12,80,21.200181317340213
0.1,0.7,3,5,6.60523492277366
0.1,0.7,3,10,9.292375308150103
0.1,0.7,3,20,13.836291021438528
0.1,0.7,3,40,22.576612402137442
0.1,0.7,3,80,40.09883554749152
0.1,0.7,6,5,6.596460375664147
0.1,0.7,6,10,9.202459118711772
0.1,0.7,6,20,12.836960189988126
0.1,0.7,6,40,17.90574735556857
0.1,0.7,6,80,25.954907657966604
0.1,0.7,12,5,6.606262891430714
0.1,0.7,12,10,9.239078168794768
0.1,0.7,12,20,12.80134780980906
0.1,0.7,12,40,17.84393560195734
0.1,0.7,12,80,24.96423829554902
0.1,0.7999999999999999,3,5,8.616722711729736
0.1,0.7999999999999999,3,10,11.76529150653071
0.1,0.7999999999999999,3,20,16.976696532036968
0.1,0.7999999999999999,3,40,26.29359032459072
0.1,0.7999999999999999,3,80,44.59062225869436
0.1,0.7999999999999999,6,5,8.581269939862786
0.1,0.7999999999999999,6,10,11.774560745281816
0.1,0.7999999999999999,6,20,16.32288316876567
0.1,0.7999999999999999,6,40,22.768886940039888
0.1,0.7999999999999999,6,80,32.07452275542016
0.1,0.7999999999999999,12,5,8.573680864589955
0.1,0.7999999999999999,12,10,11.774433963598309
0.1,0.7999999999999999,12,20,16.33373441105276
0.1,0.7999999999999999,12,40,22.71481057555075
0.1,0.7999999999999999,12,80,31.786176861514097
0.1,0.8999999999999999,3,5,14.02428277308499
0.1,0.8999999999999999,3,10,18.008962127782596
0.1,0.8999999999999999,3,20,24.868709392180232
0.1,0.8999999999999999,3,40,36.384670101507226
0.1,0.8999999999999999,3,80,56.81292281672817
0.1,0.8999999999999999,6,5,13.998767096898478
0.1,0.8999999999999999,6,10,18.092565077282288
0.1,0.8999999999999999,6,20,24.468988302183977
0.1,0.8999999999999999,6,40,34.521915881548274
0.1,0.8999999999999999,6,80,49.39771271204268
0.1,0.8999999999999999,12,5,13.940173062596703
0.1,0.8999999999999999,12,10,17.937929971287073
0.1,0.8999999999999999,12,20,24.588826066123623
0.1,0.8999999999999999,12,40,34.92050169022741
0.1,0.8999999999999999,12,80,49.0847736940942
0.2,0.0,3,5,3.200782322617413
0.2,0.0,3,10,5.198635491806696
0.2,0.0,3,20,8.199643697444074
0.2,0.0,3,40,15.19989909340102
0.2,0.0,3,80,28.199863762343288
0.2,0.0,6,5,3.200741352189014
0.2,0.0,6,10,4.199301592265395
0.2,0.0,6,20,6.200076771051089
0.2,0.0,6,40,10.201074010398326
0.2,0.0,6,80,16.19935803575616
0.2,0.0,12,5,3.200231457347207
0.2,0.0,12,10,4.199404901485662
0.2,0.0,12,20,6.199349698222577
0.2,0.0,12,40,9.200024901948577
0.2,0.0,12,80,13.201545436133918
0.2,0.1,3,5,3.4166715203244715
0.2,0.1,3,10,5.343757638881509
0.2,0.1,3,20,8.528206433548634
0.2,0.1,3,40,15.53269363670193
0.2,0.1,3,80,29.323365789515712
0.2,0.1,6,5,3.416487641978985
0.2,0.1,6,10,4.60887780654697
0.2,0.1,6,20,6.711866387599206
0.2,0.1,6,40,10.423056735219737
0.2,0.1,6,80,16.9438480682186
0.2,0.1,12,5,3.415071738493891
0.2,0.1,12,10,4.610846716645179
0.2,0.1,12,20,6.712340719853156
0.2,0.1,12,40,9.685407276453194
0.2,0.1,12,80,13.676417691903678
0.2,0.2,3,5,3.6747494553376905
0.2,0.2,3,10,5.58587947678321
0.2,0.2,3,20,9.020934231577113
0.2,0.2,3,40,16.23831495358705
0.2,0.2,3,80,30.61408532287062
0.2,0.2,6,5,3.6733198488722665
0.2,0.2,6,10,5.057407740479733
0.2,0.2,6,20,7.277004863085849
0.2,0.2,6,40,10.884442992130273
0.2,0.2,6,80,17.731753310995842
0.2,0.2,12,5,3.6753243215264497
0.2,0.2,12,10,5.059235234798725
0.2,0.2,12,20,7.274748492046984
0.2,0.2,12,40,10.334325521444917
0.2,0.2,12,80,14.54983433134822
0.2,0.30000000000000004,3,5,3.994471956046686
0.2,0.30000000000000004,3,10,5.941082569838683
0.2,0.30000000000000004,3,20,9.610475166243432
0.2,0.30000000000000004,3,40,17.10338051417952
0.2,0.30000000000000004,3,80,32.05242793903964
0.2,0.30000000000000004,6,5,3.9964217490040066
0.2,0.30000000000000004,6,10,5.566644431128246
0.2,0.30000000000000004,6,20,7.933945099280121
0.2,0.30000000000000004,6,40,11.567609735216092
0.2,0.30000000000000004,6,80,18.59751227718398
0.2,0.30000000000000004,12,5,3.9963985188274616
0.2,0.30000000000000004,12,10,5.566252640473173
0.2,0.30000000000000004,12,20,7.9194864627245884
0.2,0.30000000000000004,12,40,11.17838134089702
0.2,0.30000000000000004,12,80,15.72727835980624
0.2,0.4,3,5,4.410775162814756
0.2,0.4,3,10,6.443676190923391
0.2,0.4,3,20,10.323041219503576
0.2,0.4,3,40,18.113327759000388
0.2,0.4,3,80,33.6834338621855
0.2,0.4,6,5,4.403984068432788
0.2,0.4,6,10,6.186395453396729
0.2,0.4,6,20,8.747495049038099
0.2,0.4,6,40,12.540120408259254
0.2,0.4,6,80,19.714492157669035
0.2,0.4,12,5,4.405985564227452
0.2,0.4,12,10,6.190038102730598
0.2,0.4,12,20,8.728317234965537
0.2,0.4,12,40,12.281890543159978
0.2,0.4,12,80,17.244526148596975
0.2,0.5,3,5,4.956245641996214
0.2,0.5,3,10,7.162230671736375
0.2,0.5,3,20,11.247212591354668
0.2,0.5,3,40,19.350732252166804
0.2,0.5,3,80,35.57401328107447
0.2,0.5,6,5,4.952410267890456
0.2,0.5,6,10,6.987729524737753
0.2,0.5,6,20,9.799224247246327
0.2,0.5,6,40,13.90473614841341
0.2,0.5,6,80,21.237061196999083
0.2,0.5,12,5,4.956327651869889
0.2,0.5,12,10,6.9944774454133505
0.2,0.5,12,20,9.800375860045204
0.2,0.5,12,40,13.711862926171817
0.2,0.5,12,80,19.257531039464016
0.2,0.6,3,5,5.7124920598451165
0.2,0.6,3,10,8.189620042375463
0.2,0.6,3,20,12.52978779714846
0.2,0.6,3,40,21.028733186052953
0.2,0.6,3,80,37.91918414209975
0.2,0.6,6,5,5.720309892406008
0.2,0.6,6,10,8.104279772033602
0.2,0.6,6,20,11.314972543245233
0.2,0.6,6,40,15.880536051849852
0.2,0.6,6,80,23.532317461177076
0.2,0.6,12,5,5.720184385370832
0.2,0.6,12,10,8.085497784242753
0.2,0.6,12,20,11.298535504058282
0.2,0.6,12,40,15.808316216894095
0.2,0.6,12,80,22.116804976435276
0.2,0.7,3,5,6.880638954216426
0.2,0.7,3,10,9.793300534824823
0.2,0.7,3,20,14.531129788389327
0.2,0.7,3,40,23.4602060783954
0.2,0.7,3,80,41.107386493704695
0.2,0.7,6,5,6.867216918337074
0.2,0.7,6,10,9.71780521976129
0.2,0.7,6,20,13.600761531933113
0.2,0.7,6,40,19.05561293580298
0.2,0.7,6,80,27.469139200440377
0.2,0.7,12,5,6.886861175110827
0.2,0.7,12,10,9.725911354088035
0.2,0.7,12,20,13.617021439921395
0.2,0.7,12,40,19.033515198752923
0.2,0.7,12,80,26.645952200911985
0.2,0.7999999999999999,3,5,8.926577669902912
0.2,0.7999999999999999,3,10,12.458212823498478
0.2,0.7999999999999999,3,20,18.246754833676412
0.2,0.7999999999999999,3,40,28.357319327097162
0.2,0.7999999999999999,3,80,46.94626860041868
0.2,0.7999999999999999,6,5,8.921532181986308
0.2,0.7999999999999999,6,10,12.416159893554221
0.2,0.7999999999999999,6,20,17.651554769653305
0.2,0.7999999999999999,6,40,25.28222092739131
0.2,0.7999999999999999,6,80,35.71201653547766
0.2,0.7999999999999999,12,5,8.933569671402783
0.2,0.7999999999999999,12,10,12.39634940108825
0.2,0.7999999999999999,12,20,17.69088088746827
0.2,0.7999999999999999,12,40,25.12997731914133
0.2,0.7999999999999999,12,80,35.55472310260113
0.2,0.8999999999999999,3,5,14.383779566241385
0.2,0.8999999999999999,3,10,18.67342316180741
0.2,0.8999999999999999,3,20,27.030747307957867
0.2,0.8999999999999999,3,40,42.56335354367789
0.2,0.8999999999999999,3,80,67.18854355482854
0.2,0.8999999999999999,6,5,14.41264171679778
0.2,0.8999999999999999,6,10,18.718054769471898
0.2,0.8999999999999999,6,20,26.736641110106987
0.2,0.8999999999999999,6,40,40.98663447951013
0.2,0.8999999999999999,6,80,63.321483225426725
0.2,0.8999999999999999,12,5,14.35565377638285
0.2,0.8999999999999999,12,10,18.76634454697377
0.2,0.8999999999999999,12,20,26.609767182735162
0.2,0.8999999999999999,12,40,41.12631101619297
0.2,0.8999999999999999,12,80,63.93362155167343
0.30000000000000004,0.0,3,5,3.300183653059369
0.30000000000000004,0.0,3,10,5.299930246245286
0.30000000000000004,0.0,3,20,8.300300475297288
0.30000000000000004,0.0,3,40,15.299176528330698
0.30000000000000004,0.0,3,80,28.300169014084506
0.30000000000000004,0.0,6,5,3.3000388693734766
0.30000000000000004,0.0,6,10,4.300846581948045
0.30000000000000004,0.0,6,20,6.299673081263697
0.30000000000000004,0.0,6,40,10.302769364696495
0.30000000000000004,0.0,6,80,16.29892541844765
0.30000000000000004,0.0,12,5,3.2997028334234386
0.30000000000000004,0.0,12,10,4.3012466529762206
0.30000000000000004,0.0,12,20,6.299083510094487
0.30000000000000004,0.0,12,40,9.29973432383417
0.30000000000000004,0.0,12,80,13.300408377192024
0.30000000000000004,0.1,3,5,3.51802326234338
0.30000000000000004,0.1,3,10,5.444441117017294
0.30000000000000004,0.1,3,20,8.63493115051071
0.30000000000000004,0.1,3,40,15.642299113397671
0.30000000000000004,0.1,3,80,29.45822474838246
0.30000000000000004,0.1,6,5,3.516557380726297
0.30000000000000004,0.1,6,10,4.713676926015106
0.30000000000000004,0.1,6,20,6.818621147306817
0.30000000000000004,0.1,6,40,10.527396695762935
0.30000000000000004,0.1,6,80,17.055344915610547
0.30000000000000004,0.1,12,5,3.517919819192804
0.30000000000000004,0.1,12,10,4.713979010314995
0.30000000000000004,0.1,12,20,6.821625802401788
0.30000000000000004,0.1,12,40,9.79327749985948
0.30000000000000004,0.1,12,80,13.793292676070065
0.30000000000000004,0.2,3,5,3.782985726984423
0.30000000000000004,0.2,3,10,5.694446389803208
0.30000000000000004,0.2,3,20,9.14907620978076
0.30000000000000004,0.2,3,40,16.381535830207383
0.30000000000000004,0.2,3,80,30.808400715285337
0.30000000000000004,0.2,6,5,3.7791354332543596
0.30000000000000004,0.2,6,10,5.170592395147691
0.30000000000000004,0.2,6,20,7.40511190313142
0.30000000000000004,0.2,6,40,11.016195134078929
0.30000000000000004,0.2,6,80,17.86819366288801
0.30000000000000004,0.2,12,5,3.7818388204057674
0.30000000000000004,0.2,12,10,5.173609648404284
0.30000000000000004,0.2,12,20,7.40680489431323
0.30000000000000004,0.2,12,40,10.480733816639082
0.30000000000000004,0.2,12,80,14.724898739786518
0.30000000000000004,0.30000000000000004,3,5,4.119552754624924
0.30000000000000004,0.30000000000000004,3,10,6.075192901548916
0.30000000000000004,0.30000000000000004,3,20,9.775366753153506
0.30000000000000004,0.30000000000000004,3,40,17.307524469820553
0.30000000000000004,0.30000000000000004,3,80,32.34340131289603
0.30000000000000004,0.30000000000000004,6,5,4.115480486473717
0.30000000000000004,0.30000000000000004,6,10,5.7101171822604835
0.30000000000000004,0.30000000000000004,6,20,8.098822416492693
0.30000000000000004,0.30000000000000004,6,40,11.769391240697816
0.30000000000000004,0.30000000000000004,6,80,18.801398340181574
0.30000000000000004,0.30000000000000004,12,5,4.1198575273845055
0.30000000000000004,0.30000000000000004,12,10,5.713457194603285
0.30000000000000004,0.30000000000000004,12,20,8.098349383816068
0.30000000000000004,0.30000000000000004,12,40,11.392833135747546
0.30000000000000004,0.30000000000000004,12,80,15.98567261810327
0.30000000000000004,0.4,3,5,4.54952149902916
0.30000000000000004,0.4,3,10,6.6355414377090955
0.30000000000000004,0.4,3,20,10.542494046330374
0.30000000000000004,0.4,3,40,18.40909169572629
0.30000000000000004,0.4,3,80,34.10028240622248
0.30000000000000004,0.4,6,5,4.555206084545065
0.30000000000000004,0.4,6,10,6.3781884852609085
0.30000000000000004,0.4,6,20,8.973817995847979
0.30000000000000004,0.4,6,40,12.850373902958333
0.30000000000000004,0.4,6,80,20.021374942761117
0.30000000000000004,0.4,12,5,4.553395539489956
0.30000000000000004,0.4,12,10,6.378091964459434
0.30000000000000004,0.4,12,20,8.975732517648686
0.30000000000000004,0.4,12,40,12.589888563963246
0.30000000000000004,0.4,12,80,17.66817005289265
0.30000000000000004,0.5,3,5,5.140674863900882
0.30000000000000004,0.5,3,10,7.434784853862115
0.30000000000000004,0.5,3,20,11.590889438214921
0.30000000000000004,0.5,3,40,19.79011237011613
0.30000000000000004,0.5,3,80,36.169915044830915
0.30000000000000004,0.5,6,5,5.132688041943941
0.30000000000000004,0.5,6,10,7.268794708820977
0.30000000000000004,0.5,6,20,10.175620881905727
0.30000000000000004,0.5,6,40,14.361532472162027
0.30000000000000004,0.5,6,80,21.752596215462326
0.30000000000000004,0.5,12,5,5.135199618259901
0.30000000000000004,0.5,12,10,7.262535845289611
0.30000000000000004,0.5,12,20,10.17614183850453
0.30000000000000004,0.5,12,40,14.230359777124226
0.30000000000000004,0.5,12,80,19.943757742989074
0.30000000000000004,0.6,3,5,5.941322214481397
0.30000000000000004,0.6,3,10,8.583151962485148
0.30000000000000004,0.6,3,20,13.074514606481724
0.30000000000000004,0.6,3,40,21.709507264024186
0.30000000000000004,0.6,3,80,38.879452112483285
0.30000000000000004,0.6,6,5,5.941610882274433
0.30000000000000004,0.6,6,10,8.473092791632723
0.30000000000000004,0.6,6,20,11.883146966538211
0.30000000000000004,0.6,6,40,16.696922737492383
0.30000000000000004,0.6,6,80,24.50002635268323
0.30000000000000004,0.6,12,5,5.931253332775692
0.30000000000000004,0.6,12,10,8.47451921053739
0.30000000000000004,0.6,12,20,11.894887738568693
0.30000000000000004,0.6,12,40,16.631898457644297
0.30000000000000004,0.6,12,80,23.258965881555223
0.30000000000000004,0.7,3,5,7.139948595557187
0.30000000000000004,0.7,3,10,10.294843858988525
0.30000000000000004,0.7,3,20,15.42798989767361
0.30000000000000004,0.7,3,40,24.80213883840232
0.30000000000000004,0.7,3,80,42.782478465516924
0.30000000000000004,0.7,6,5,7.146525947621697
0.30000000000000004,0.7,6,10,10.210380930066222
0.30000000000000004,0.7,6,20,14.598885483421565
0.30000000000000004,0.7,6,40,20.63755555968831
0.30000000000000004,0.7,6,80,29.48970761686014
0.30000000000000004,0.7,12,5,7.14683761732409
0.30000000000000004,0.7,12,10,10.255139759423407
0.30000000000000004,0.7,12,20,14.591075673534073
0.30000000000000004,0.7,12,40,20.51470843457133
0.30000000000000004,0.7,12,80,28.91740606721523
0.30000000000000004,0.7999999999999999,3,5,9.22925631928
0.30000000000000004,0.7999999999999999,3,10,13.092796931804562
0.30000000000000004,0.7999999999999999,3,20,19.695323262839878
0.30000000000000004,0.7999999999999999,3,40,30.895083845768976
0.30000000000000004,0.7999999999999999,3,80,50.921783898786806
0.30000000000000004,0.7999999999999999,6,5,9.270009795557241
0.30000000000000004,0.7999999999999999,6,10,13.08503523515375
0.30000000000000004,0.7999999999999999,6,20,19.438919869906627
0.30000000000000004,0.7999999999999999,6,40,28.223193440239125
0.30000000000000004,0.7999999999999999,6,80,41.069990528693204
0.30000000000000004,0.7999999999999999,12,5,9.257387883556255
0.30000000000000004,0.7999999999999999,12,10,13.10490898798466
0.30000000000000004,0.7999999999999999,12,20,19.17043101294892
0.30000000000000004,0.7999999999999999,12,40,28.18928649621719
0.30000000000000004,0.7999999999999999,12,80,41.55319269180775
0.30000000000000004,0.8999999999999999,3,5,14.739246510542891
0.30000000000000004,0.8999999999999999,3,10,19.272513714270715
0.30000000000000004,0.8999999999999999,3,20,28.848856827813425
0.30000000000000004,0.8999999999999999,3,40,47.56178678882173
0.30000000000000004,0.8999999999999999,3,80,81.4267983268189
0.30000000000000004,0.8999999999999999,6,5,14.732445159365392
0.30000000000000004,0.8999999999999999,6,10,19.38020566565541
0.30000000000000004,0.8999999999999999,6,20,28.408038619512457
0.30000000000000004,0.8999999999999999,6,40,47.386910177201436
0.30000000000000004,0.8999999999999999,6,80,78.84666483667307
0.30000000000000004,0.8999999999999999,12,5,14.786358776436227
0.30000000000000004,0.8999999999999999,12,10,19.346726034573074
0.30000000000000004,0.8999999999999999,12,20,28.759083855086423
0.30000000000000004,0.8999999999999999,12,40,47.59390410311145
0.30000000000000004,0.8999999999999999,12,80,75.93016947294872
0.4,0.0,3,5,3.3985214253993226
0.4,0.0,3,10,5.398380707787402
0.4,0.0,3,20,8.400840526373837
0.4,0.0,3,40,15.400274420844381
0.4,0.0,3,80,28.39930495120734
0.4,0.0,6,5,3.399897278459525
0.4,0.0,6,10,4.40076133221532
0.4,0.0,6,20,6.399062451865651
0.4,0.0,6,40,10.399726226831511
0.4,0.0,6,80,16.39955741047423
0.4,0.0,12,5,3.3991485264519423
0.4,0.0,12,10,4.399053344309052
0.4,0.0,12,20,6.401518421212709
0.4,0.0,12,40,9.400216071552704
0.4,0.0,12,80,13.40059031432208
0.4,0.1,3,5,3.61859524799489
0.4,0.1,3,10,5.544235053284364
0.4,0.1,3,20,8.737396855989882
0.4,0.1,3,40,15.749400277258754
0.4,0.1,3,80,29.586353437241172
0.4,0.1,6,5,3.6171549942387475
0.4,0.1,6,10,4.819765671862236
0.4,0.1,6,20,6.926508388463831
0.4,0.1,6,40,10.632140747616235
0.4,0.1,6,80,17.165282984777992
0.4,0.1,12,5,3.618453105968331
0.4,0.1,12,10,4.817288156030506
0.4,0.1,12,20,6.927681239956145
0.4,0.1,12,40,9.900329231010426
0.4,0.1,12,80,13.902894682198863
0.4,0.2,3,5,3.8885653167081036
0.4,0.2,3,10,5.8074876598697385
0.4,0.2,3,20,9.274123235904586
0.4,0.2,3,40,16.532334586501765
0.4,0.2,3,80,31.01664551647505
0.4,0.2,6,5,3.889659759303506
0.4,0.2,6,10,5.295065305632887
0.4,0.2,6,20,7.531632669159292
0.4,0.2,6,40,11.146321228486347
0.4,0.2,6,80,18.005198890734857
0.4,0.2,12,5,3.8915732551356634
0.4,0.2,12,10,5.290677287318916
0.4,0.2,12,20,7.5346120715496
0.4,0.2,12,40,10.62248648172001
0.4,0.2,12,80,14.891252178745548
0.4,0.30000000000000004,3,5,4.241102619356738
0.4,0.30000000000000004,3,10,6.21566859812395
0.4,0.30000000000000004,3,20,9.940615648860083
0.4,0.30000000000000004,3,40,17.525833617844544
0.4,0.30000000000000004,3,80,32.68114616214622
0.4,0.30000000000000004,6,5,4.236994799927721
0.4,0.30000000000000004,6,10,5.86311190393959
0.4,0.30000000000000004,6,20,8.264412309379116
0.4,0.30000000000000004,6,40,11.961571352218066
0.4,0.30000000000000004,6,80,19.001089379220925
0.4,0.30000000000000004,12,5,4.242185827445943
0.4,0.30000000000000004,12,10,5.850261432873216
0.4,0.30000000000000004,12,20,8.279306332093844
0.4,0.30000000000000004,12,40,11.597501906686112
0.4,0.30000000000000004,12,80,16.26742385650705
0.4,0.4,3,5,4.696520695212035
0.4,0.4,3,10,6.818181489267016
0.4,0.4,3,20,10.798955462482729
0.4,0.4,3,40,18.757637916625967
0.4,0.4,3,80,34.63546480930993
0.4,0.4,6,5,4.699428480596519
0.4,0.4,6,10,6.579236769184637
0.4,0.4,6,20,9.236220557672324
0.4,0.4,6,40,13.148860460738746
0.4,0.4,6,80,20.350452681433563
0.4,0.4,12,5,4.69521472392638
0.4,0.4,12,10,6.572532157826275
0.4,0.4,12,20,9.242566804666918
0.4,0.4,12,40,12.925561782488833
0.4,0.4,12,80,18.11237680279777
0.4,0.5,3,5,5.314980421524771
0.4,0.5,3,10,7.698107996685892
0.4,0.5,3,20,11.964244720387212
0.4,0.5,3,40,20.340632007991367
0.4,0.5,3,80,37.07925216744216
0.4,0.5,6,5,5.311014645268789
0.4,0.5,6,10,7.543720669046569
0.4,0.5,6,20,10.562060260161427
0.4,0.5,6,40,14.918912303790966
0.4,0.5,6,80,22.401158409491742
0.4,0.5,12,5,5.32183394440876
0.4,0.5,12,10,7.535173716888909
0.4,0.5,12,20,10.561594420729874
0.4,0.5,12,40,14.803164782676642
0.4,0.5,12,80,20.67435901548628
0.4,0.6,3,5,6.175957608700605
0.4,0.6,3,10,8.975452446014703
0.4,0.6,3,20,13.649545154545915
0.4,0.6,3,40,22.555932890668558
0.4,0.6,3,80,40.392947777377884
0.4,0.6,6,5,6.160333477597321
0.4,0.6,6,10,8.864511356953837
0.4,0.6,6,20,12.50554710896107
0.4,0.6,6,40,17.638514290974364
0.4,0.6,6,80,25.775215673255595
0.4,0.6,12,5,6.1604876495473775
0.4,0.6,12,10,8.873087345875728
0.4,0.6,12,20,12.502760348433657
0.4,0.6,12,40,17.533913996720525
0.4,0.6,12,80,24.695540079328474
0.4,0.7,3,5,7.386740663786976
0.4,0.7,3,10,10.83360666218222
0.4,0.7,3,20,16.307927717866512
0.4,0.7,3,40,26.076518113987774
0.4,0.7,3,80,45.27361367421344
0.4,0.7,6,5,7.404809279646656
0.4,0.7,6,10,10.740330661322645
0.4,0.7,6,20,15.496346801346801
0.4,0.7,6,40,22.184404861669638
0.4,0.7,6,80,32.05556802118159
0.4,0.7,12,5,7.409261700184315
0.4,0.7,12,10,10.751834148510449
0.4,0.7,12,20,15.564171768125375
0.4,0.7,12,40,22.178113929033348
0.4,0.7,12,80,31.739398816088592
0.4,0.7999999999999999,3,5,9.568642100681851
0.4,0.7999999999999999,3,10,13.706453522794552
0.4,0.7999999999999999,3,20,21.00868831335197
0.4,0.7999999999999999,3,40,33.30150455475986
0.4,0.7999999999999999,3,80,54.72858266453874
0.4,0.7999999999999999,6,5,9.558295151374551
0.4,0.7999999999999999,6,10,13.649826041897994
0.4,0.7999999999999999,6,20,20.488542897348875
0.4,0.7999999999999999,6,40,30.91728311526385
0.4,0.7999999999999999,6,80,47.025390296487714
0.4,0.7999999999999999,12,5,9.553371274654618
0.4,0.7999999999999999,12,10,13.644618177776131
0.4,0.7999999999999999,12,20,20.50201951065414
0.4,0.7999999999999999,12,40,30.921237811339743
0.4,0.7999999999999999,12,80,46.9140965791689
0.4,0.8999999999999999,3,5,15.085438262289404
0.4,0.8999999999999999,3,10,19.914210427253906
0.4,0.8999999999999999,3,20,30.200254217702796
0.4,0.8999999999999999,3,40,51.53227531390697
0.4,0.8999999999999999,3,80,85.6610959968908
0.4,0.8999999999999999,6,5,15.078002772551738
0.4,0.8999999999999999,6,10,19.793206294535334
0.4,0.8999999999999999,6,20,30.01396878627628
0.4,0.8999999999999999,6,40,49.79218015082639
0.4,0.8999999999999999,6,80,84.28926262707546
0.4,0.8999999999999999,12,5,15.086071929236915
0.4,0.8999999999999999,12,10,19.920746945285128
0.4,0.8999999999999999,12,20,30.2791572223367
0.4,0.8999999999999999,12,40,50.39185713720473
0.4,0.8999999999999999,12,80,83.91878499778431
0.5,0.0,3,5,3.4990279213029107
0.5,0.0,3,10,5.499709811377396
0.5,0.0,3,20,8.50043784808923
0.5,0.0,3,40,15.501325080616356
0.5,0.0,3,80,28.499795253885182
0.5,0.0,6,5,3.5015333975995087
0.5,0.0,6,10,4.50019132222414
0.5,0.0,6,20,6.499286201818623
0.5,0.0,6,40,10.50116968418527
0.5,0.0,6,80,16.499736191302564
0.5,0.0,12,5,3.4997337586528436
0.5,0.0,12,10,4.501407888167749
0.5,0.0,12,20,6.500697196719427
0.5,0.0,12,40,9.50117184376749
0.5,0.0,12,80,13.498905393470391
0.5,0.1,3,5,3.721462773669238
0.5,0.1,3,10,5.6471525933978635
0.5,0.1,3,20,8.843738407603045
0.5,0.1,3,40,15.858108037605518
0.5,0.1,3,80,29.717581412367363
0.5,0.1,6,5,3.720524382971155
0.5,0.1,6,10,4.920975357654632
0.5,0.1,6,20,7.034593600914976
0.5,0.1,6,40,10.735482775288386
0.5,0.1,6,80,17.275752384334947
0.5,0.1,12,5,3.720739466312302
0.5,0.1,12,10,4.921952364803172
0.5,0.1,12,20,7.0369995486905506
0.5,0.1,12,40,10.008244911160496
0.5,0.1,12,80,14.016252989025448
0.5,0.2,3,5,3.9996085566214576
0.5,0.2,3,10,5.916775832255467
0.5,0.2,3,20,9.398342902346453
0.5,0.2,3,40,16.678751161617136
0.5,0.2,3,80,31.235919064946522
0.5,0.2,6,5,3.9994079255363095
0.5,0.2,6,10,5.40587657915488
0.5,0.2,6,20,7.655753588681375
0.5,0.2,6,40,11.275690184049079
0.5,0.2,6,80,18.142827237821372
0.5,0.2,12,5,3.997339795012598
0.5,0.2,12,10,5.407503230588229
0.5,0.2,12,20,7.660378970107265
0.5,0.2,12,40,10.763891376531047
0.5,0.2,12,80,15.053303344740037
0.5,0.30000000000000004,3,5,4.359891432436184
0.5,0.30000000000000004,3,10,6.347524182234364
0.5,0.30000000000000004,3,20,10.111088464310612
0.5,0.30000000000000004,3,40,17.766454885984338
0.5,0.30000000000000004,3,80,33.082862896082574
0.5,0.30000000000000004,6,5,4.362963268626538
0.5,0.30000000000000004,6,10,6.001701844008447
0.5,0.30000000000000004,6,20,8.44553995610065
0.5,0.30000000000000004,6,40,12.14951194983436
0.5,0.30000000000000004,6,80,19.212169652987896
0.5,0.30000000000000004,12,5,4.362815644831524
0.5,0.30000000000000004,12,10,6.007493093412519
0.5,0.30000000000000004,12,20,8.443086431413292
0.5,0.30000000000000004,12,40,11.815194950571959
0.5,0.30000000000000004,12,80,16.533358350742102
0.5,0.4,3,5,4.842562435633368
0.5,0.4,3,10,7.00844184827961
0.5,0.4,3,20,11.06257998671613
0.5,0.4,3,40,19.180108197815947
0.5,0.4,3,80,35.43450778945189
0.5,0.4,6,5,4.843548543219437
0.5,0.4,6,10,6.774255262766693
0.5,0.4,6,20,9.495191545147037
0.5,0.4,6,40,13.476323932025466
0.5,0.4,6,80,20.718690280252346
0.5,0.4,12,5,4.846249572825926
0.5,0.4,12,10,6.775172476280466
0.5,0.4,12,20,9.502398275571897
0.5,0.4,12,40,13.283085564549605
0.5,0.4,12,80,18.549145914730666
0.5,0.5,3,5,5.487939872891466
0.5,0.5,3,10,7.956096581680142
0.5,0.5,3,20,12.33768573537688
0.5,0.5,3,40,20.999476017734786
0.5,0.5,3,80,38.32391691003711
0.5,0.5,6,5,5.486440298291759
0.5,0.5,6,10,7.808792948713272
0.5,0.5,6,20,10.983064021720091
0.5,0.5,6,40,15.479211309632642
0.5,0.5,6,80,23.068556708575443
0.5,0.5,12,5,5.480827642000412
0.5,0.5,12,10,7.815962396802707
0.5,0.5,12,20,10.987515011276765
0.5,0.5,12,40,15.403790300217464
0.5,0.5,12,80,21.493514481213413
0.5,0.6,3,5,6.368049182182774
0.5,0.6,3,10,9.296364698807
0.5,0.6,3,20,14.181463087997322
0.5,0.6,3,40,23.441271043807276
0.5,0.6,3,80,42.42741497244098
0.5,0.6,6,5,6.367887825207432
0.5,0.6,6,10,9.2095374303584
0.5,0.6,6,20,13.108435958740937
0.5,0.6,6,40,18.541584243571
0.5,0.6,6,80,27.097693929355074
0.5,0.6,12,5,6.359376377397458
0.5,0.6,12,10,9.233436463710643
0.5,0.6,12,20,13.106773523046265
0.5,0.6,12,40,18.498244286948413
0.5,0.6,12,80,25.968001925730423
0.5,0.7,3,5,7.646890478245679
0.5,0.7,3,10,11.206288804326057
0.5,0.7,3,20,17.087164817168166
0.5,0.7,3,40,27.329784610766247
0.5,0.7,3,80,47.739366019641885
0.5,0.7,6,5,7.625647648478699
0.5,0.7,6,10,11.15989298335238
0.5,0.7,6,20,16.302029521280858
0.5,0.7,6,40,23.429254834735094
0.5,0.7,6,80,34.53391038641755
0.5,0.7,12,5,7.646292070149468
0.5,0.7,12,10,11.206669165667947
0.5,0.7,12,20,16.238373210852384
0.5,0.7,12,40,23.668717217115212
0.5,0.7,12,80,34.088978337157876
0.5,0.7999999999999999,3,5,9.824494005592934
0.5,0.7999999999999999,3,10,14.150222038182
0.5,0.7999999999999999,3,20,21.89970842072186
0.5,0.7999999999999999,3,40,34.58112620614924
0.5,0.7999999999999999,3,80,57.085828743859025
0.5,0.7999999999999999,6,5,9.840413803623555
0.5,0.7999999999999999,6,10,14.083301954487649
0.5,0.7999999999999999,6,20,21.402477164778954
0.5,0.7999999999999999,6,40,32.94575317658235
0.5,0.7999999999999999,6,80,49.925664495162565
0.5,0.7999999999999999,12,5,9.820714231241205
0.5,0.7999999999999999,12,10,14.104780027509925
0.5,0.7999999999999999,12,20,21.415040133339183
0.5,0.7999999999999999,12,40,32.4329528770317
0.5,0.7999999999999999,12,80,50.621181535802876
0.5,0.8999999999999999,3,5,15.33957396535304
0.5,0.8999999999999999,3,10,20.319224353628023
0.5,0.8999999999999999,3,20,30.862806494785485
0.5,0.8999999999999999,3,40,53.28909157146946
0.5,0.8999999999999999,3,80,89.57477789072091
0.5,0.8999999999999999,6,5,15.372631731186424
0.5,0.8999999999999999,6,10,20.423876543209875
0.5,0.8999999999999999,6,20,31.0026873241569
0.5,0.8999999999999999,6,40,51.29184381947966
0.5,0.8999999999999999,6,80,88.41465886211816
0.5,0.8999999999999999,12,5,15.348750799223096
0.5,0.8999999999999999,12,10,20.362823575773994
0.5,0.8999999999999999,12,20,30.705159395444404
0.5,0.8999999999999999,12,40,51.24146903092355
0.5,0.8999999999999999,12,80,88.68818075553902
0.6,0.0,3,5,3.600058914166591
0.6,0.0,3,10,5.600055313621433
0.6,0.0,3,20,8.600407132526625
0.6,0.0,3,40,15.598580048087829
0.6,0.0,3,80,28.599858509497324
0.6,0.0,6,5,3.600615427842445
0.6,0.0,6,10,4.5999564366050505
0.6,0.0,6,20,6.59997598854699
0.6,0.0,6,40,10.600130093535892
0.6,0.0,6,80,16.59976504526734
0.6,0.0,12,5,3.599981428509955
0.6,0.0,12,10,4.599314524726559
0.6,0.0,12,20,6.5993661315662395
0.6,0.0,12,40,9.59877365189045
0.6,0.0,12,80,13.600368933446944
0.6,0.1,3,5,3.822442098359721
0.6,0.1,3,10,5.7485931830349175
0.6,0.1,3,20,8.948845112252329
0.6,0.1,3,40,15.966159277886954
0.6,0.1,3,80,29.843454119841276
0.6,0.1,6,5,3.8211776903723504
0.6,0.1,6,10,5.020092794513186
0.6,0.1,6,20,7.138062941438152
0.6,0.1,6,40,10.839616602775061
0.6,0.1,6,80,17.382690322242997
0.6,0.1,12,5,3.822867428169255
0.6,0.1,12,10,5.024790162943502
0.6,0.1,12,20,7.138611293530918
0.6,0.1,12,40,10.115204235645892
0.6,0.1,12,80,14.128409601704771
0.6,0.2,3,5,4.10659271550777
0.6,0.2,3,10,6.024327594088839
0.6,0.2,3,20,9.520481720777745
0.6,0.2,3,40,16.83875037533654
0.6,0.2,3,80,31.453355415800914
0.6,0.2,6,5,4.105304241726095
0.6,0.2,6,10,5.5172694170467
0.6,0.2,6,20,7.785922450237134
0.6,0.2,6,40,11.401036643557207
0.6,0.2,6,80,18.271130138023647
0.6,0.2,12,5,4.108513595471545
0.6,0.2,12,10,5.521160920004851
0.6,0.2,12,20,7.783154420337032
0.6,0.2,12,40,10.899567516830004
0.6,0.2,12,80,15.221013705688897
0.6,0.30000000000000004,3,5,4.482934325901786
0.6,0.30000000000000004,3,10,6.482970683328104
0.6,0.30000000000000004,3,20,10.290380812969053
0.6,0.30000000000000004,3,40,18.043249683032396
0.6,0.30000000000000004,3,80,33.528229085372175
0.6,0.30000000000000004,6,5,4.482314587095246
0.6,0.30000000000000004,6,10,6.146196484275854
0.6,0.30000000000000004,6,20,8.617371257076599
0.6,0.30000000000000004,6,40,12.344926998132637
0.6,0.30000000000000004,6,80,19.408881819001778
0.6,0.30000000000000004,12,5,4.484423510427485
0.6,0.30000000000000004,12,10,6.146296952999263
0.6,0.30000000000000004,12,20,8.623395445699671
0.6,0.30000000000000004,12,40,12.018097892400796
0.6,0.30000000000000004,12,80,16.78916324555985
0.6,0.4,3,5,4.978525200725045
0.6,0.4,3,10,7.187900938975652
0.6,0.4,3,20,11.318249545729861
0.6,0.4,3,40,19.64613078565264
0.6,0.4,3,80,36.369395569773644
0.6,0.4,6,5,4.984962496502382
0.6,0.4,6,10,6.961667592570228
0.6,0.4,6,20,9.764807129201655
0.6,0.4,6,40,13.817378938928641
0.6,0.4,6,80,21.085904078730753
0.6,0.4,12,5,4.975984251968504
0.6,0.4,12,10,6.962011538042887
0.6,0.4,12,20,9.765934059278818
0.6,0.4,12,40,13.595876825616008
0.6,0.4,12,80,18.97685744293813
0.6,0.5,3,5,5.6448777031837025
0.6,0.5,3,10,8.206381611673022
0.6,0.5,3,20,12.697994891797727
0.6,0.5,3,40,21.78518485024504
0.6,0.5,3,80,40.09043343070477
0.6,0.5,6,5,5.640908549553382
0.6,0.5,6,10,8.055595483255704
0.6,0.5,6,20,11.343595498591139
0.6,0.5,6,40,16.008839755986624
0.6,0.5,6,80,23.795530528428046
0.6,0.5,12,5,5.6483042326870185
0.6,0.5,12,10,8.059924821901149
0.6,0.5,12,20,11.33976634720957
0.6,0.5,12,40,15.91534933459251
0.6,0.5,12,80,22.26020365636808
0.6,0.6,3,5,6.5508117474278995
0.6,0.6,3,10,9.624464944649446
0.6,0.6,3,20,14.675456515266797
0.6,0.6,3,40,24.365496431940883
0.6,0.6,3,80,44.25336602931777
0.6,0.6,6,5,6.5554608157497585
0.6,0.6,6,10,9.517254945352168
0.6,0.6,6,20,13.548649072682531
0.6,0.6,6,40,19.41413450982829
0.6,0.6,6,80,28.18896063769342
0.6,0.6,12,5,6.556196576919227
0.6,0.6,12,10,9.511003636482767
0.6,0.6,12,20,13.542091641935205
0.6,0.6,12,40,19.239462094998427
0.6,0.6,12,80,27.428348605966075
0.6,0.7,3,5,7.859642600441173
0.6,0.7,3,10,11.57842730896568
0.6,0.7,3,20,17.55876761989841
0.6,0.7,3,40,28.07699015101773
0.6,0.7,3,80,49.655591388201266
0.6,0.7,6,5,7.857992034714379
0.6,0.7,6,10,11.504565380857626
0.6,0.7,6,20,16.822633993114422
0.6,0.7,6,40,24.51254645622238
0.6,0.7,6,80,36.180708578637514
0.6,0.7,12,5,7.851534575667891
0.6,0.7,12,10,11.511261088136271
0.6,0.7,12,20,16.797346244058367
0.6,0.7,12,40,24.467863795232415
0.6,0.7,12,80,36.04456257690002
0.6,0.7999999999999999,3,5,10.054159577568852
0.6,0.7999999999999999,3,10,14.535806941113124
0.6,0.7999999999999999,3,20,22.425818481729838
0.6,0.7999999999999999,3,40,36.217338244106344
0.6,0.7999999999999999,3,80,59.017002306144335
0.6,0.7999999999999999,6,5,10.067718115799538
0.6,0.7999999999999999,6,10,14.44737264984734
0.6,0.7999999999999999,6,20,22.0819515145406
0.6,0.7999999999999999,6,40,33.68619323332456
0.6,0.7999999999999999,6,80,52.69485226478272
0.6,0.7999999999999999,12,5,10.053889257339307
0.6,0.7999999999999999,12,10,14.515617891812067
0.6,0.7999999999999999,12,20,22.144594730998286
0.6,0.7999999999999999,12,40,33.64886674567988
0.6,0.7999999999999999,12,80,50.73184130963793
0.6,0.8999999999999999,3,5,15.641469816272966
0.6,0.8999999999999999,3,10,20.72233878694529
0.6,0.8999999999999999,3,20,31.959729519117168
0.6,0.8999999999999999,3,40,53.47196983346632
0.6,0.8999999999999999,3,80,90.32713793738006
0.6,0.8999999999999999,6,5,15.653173258228513
0.6,0.8999999999999999,6,10,20.7938048667326
0.6,0.8999999999999999,6,20,31.413778423319645
0.6,0.8999999999999999,6,40,53.64062520166755
0.6,0.8999999999999999,6,80,91.35981995101608
0.6,0.8999999999999999,12,5,15.593039443155453
0.6,0.8999999999999999,12,10,20.714774040508484
0.6,0.8999999999999999,12,20,31.450165033006602
0.6,0.8999999999999999,12,40,52.765433214161256
0.6,0.8999999999999999,12,80,92.79839040597244
0.7,0.0,3,5,3.699698983697434
0.7,0.0,3,10,5.700091113069616
0.7,0.0,3,20,8.700409089361122
0.7,0.0,3,40,15.700981581512554
0.7,0.0,3,80,28.701137655459
0.7,0.0,6,5,3.6992930153321977
0.7,0.0,6,10,4.699083002337194
0.7,0.0,6,20,6.700127738391774
0.7,0.0,6,40,10.69883411967093
0.7,0.0,6,80,16.700813582701468
0.7,0.0,12,5,3.699175768576097
0.7,0.0,12,10,4.6994698003290605
0.7,0.0,12,20,6.699915310860212
0.7,0.0,12,40,9.699821601161508
0.7,0.0,12,80,13.700874728642574
0.7,0.1,3,5,3.923011091869174
0.7,0.1,3,10,5.850282587162789
0.7,0.1,3,20,9.049927819521905
0.7,0.1,3,40,16.071051824112917
0.7,0.1,3,80,29.961947997239427
0.7,0.1,6,5,3.9224072213951318
0.7,0.1,6,10,5.126116821550511
0.7,0.1,6,20,7.2445187279595284
0.7,0.1,6,40,10.942605771924908
0.7,0.1,6,80,17.488965917467887
0.7,0.1,12,5,3.9235661510121487
0.7,0.1,12,10,5.123369422770621
0.7,0.1,12,20,7.243470266391604
0.7,0.1,12,40,10.219582694737975
0.7,0.1,12,80,14.23488497721511
0.7,0.2,3,5,4.211325343226605
0.7,0.2,3,10,6.131646731053203
0.7,0.2,3,20,9.64017637358698
0.7,0.2,3,40,16.985937231216194
0.7,0.2,3,80,31.671846343420448
0.7,0.2,6,5,4.213579291365669
0.7,0.2,6,10,5.630113268647057
0.7,0.2,6,20,7.910438993638604
0.7,0.2,6,40,11.521690945526027
0.7,0.2,6,80,18.404671036752212
0.7,0.2,12,5,4.212821700834941
0.7,0.2,12,10,5.6304390910154565
0.7,0.2,12,20,7.901971555152196
0.7,0.2,12,40,11.031397144236607
0.7,0.2,12,80,15.363946878135001
0.7,0.30000000000000004,3,5,4.598232480819076
0.7,0.30000000000000004,3,10,6.6151224618613576
0.7,0.30000000000000004,3,20,10.45609529107764
0.7,0.30000000000000004,3,40,18.317867740182194
0.7,0.30000000000000004,3,80,34.102182901300786
0.7,0.30000000000000004,6,5,4.599260121481105
0.7,0.30000000000000004,6,10,6.275663987872747
0.7,0.30000000000000004,6,20,8.774321231665454
0.7,0.30000000000000004,6,40,12.533468654730315
0.7,0.30000000000000004,6,80,19.602934455178143
0.7,0.30000000000000004,12,5,4.596815841460948
0.7,0.30000000000000004,12,10,6.2823529411764705
0.7,0.30000000000000004,12,20,8.775394531829166
0.7,0.30000000000000004,12,40,12.210931595718986
0.7,0.30000000000000004,12,80,17.03652950239953
0.7,0.4,3,5,5.11126535431937
0.7,0.4,3,10,7.356058607081447
0.7,0.4,3,20,11.580139403256236
0.7,0.4,3,40,20.170584851502205
0.7,0.4,3,80,37.49792048447013
0.7,0.4,6,5,5.115216883756993
0.7,0.4,6,10,7.134601369851081
0.7,0.4,6,20,9.990478351559158
0.7,0.4,6,40,14.116074260984462
0.7,0.4,6,80,21.425656086886985
0.7,0.4,12,5,5.108715435166999
0.7,0.4,12,10,7.125488808178327
0.7,0.4,12,20,9.975396074894162
0.7,0.4,12,40,13.924625337429024
0.7,0.4,12,80,19.436792197866385
0.7,0.5,3,5,5.798073380007369
0.7,0.5,3,10,8.421950630857726
0.7,0.5,3,20,13.011580110646154
0.7,0.5,3,40,22.329914877054037
0.7,0.5,3,80,41.632057426039125
0.7,0.5,6,5,5.794108647515768
0.7,0.5,6,10,8.266071350873728
0.7,0.5,6,20,11.623044848909426
0.7,0.5,6,40,16.467706328636094
0.7,0.5,6,80,24.309031984492368
0.7,0.5,12,5,5.788621916944656
0.7,0.5,12,10,8.256289708602525
0.7,0.5,12,20,11.642316557041191
0.7,0.5,12,40,16.36998979519667
0.7,0.5,12,80,22.947793342472306
0.7,0.6,3,5,6.716408261186212
0.7,0.6,3,10,9.858911932672077
0.7,0.6,3,20,15.001142135063546
0.7,0.6,3,40,25.098505088409848
0.7,0.6,3,80,45.70045999522724
0.7,0.6,6,5,6.712716228913173
0.7,0.6,6,10,9.783835851263238
0.7,0.6,6,20,13.951098947811618
0.7,0.6,6,40,19.930187067913785
0.7,0.6,6,80,29.153962433280366
0.7,0.6,12,5,6.710781659609774
0.7,0.6,12,10,9.769990326452136
0.7,0.6,12,20,13.944630444551501
0.7,0.6,12,40,19.862227647238328
0.7,0.6,12,80,28.346370148354175
0.7,0.7,3,5,8.039266012313993
0.7,0.7,3,10,11.83391807559306
0.7,0.7,3,20,17.98379937291206
0.7,0.7,3,40,28.8344600549536
0.7,0.7,3,80,50.42544494681546
0.7,0.7,6,5,8.020034311302375
0.7,0.7,6,10,11.751475304360065
0.7,0.7,6,20,17.222802718572286
0.7,0.7,6,40,25.15979089771742
0.7,0.7,6,80,37.0189284635338
0.7,0.7,12,5,8.045064722164119
0.7,0.7,12,10,11.808391792043555
0.7,0.7,12,20,17.267789674971855
0.7,0.7,12,40,25.176338358667664
0.7,0.7,12,80,37.25483479067924
0.7,0.7999999999999999,3,5,10.258758631743445
0.7,0.7999999999999999,3,10,14.784780023781213
0.7,0.7999999999999999,3,20,22.82483229609986
0.7,0.7999999999999999,3,40,36.18150110086543
0.7,0.7999999999999999,3,80,59.88228322261567
0.7,0.7999999999999999,6,5,10.271534542735242
0.7,0.7999999999999999,6,10,14.80118272637147
0.7,0.7999999999999999,6,20,22.45490352495388
0.7,0.7999999999999999,6,40,34.19922792273411
0.7,0.7999999999999999,6,80,54.286727591129164
0.7,0.7999999999999999,12,5,10.247004172165127
0.7,0.7999999999999999,12,10,14.765861016738052
0.7,0.7999999999999999,12,20,22.519575215677314
0.7,0.7999999999999999,12,40,33.97290291663944
0.7,0.7999999999999999,12,80,52.885569839452906
0.7,0.8999999999999999,3,5,15.88328884143086
0.7,0.8999999999999999,3,10,21.075593768621776
0.7,0.8999999999999999,3,20,31.846874495235017
0.7,0.8999999999999999,3,40,54.406757259627106
0.7,0.8999999999999999,3,80,93.99754653018691
0.7,0.8999999999999999,6,5,15.871752572425498
0.7,0.8999999999999999,6,10,20.983141920102625
0.7,0.8999999999999999,6,20,31.688020930667165
0.7,0.8999999999999999,6,40,54.18779718833988
0.7,0.8999999999999999,6,80,91.65842271627145
0.7,0.8999999999999999,12,5,15.91086483465522
0.7,0.8999999999999999,12,10,21.00438925298058
0.7,0.8999999999999999,12,20,31.79301232752066
0.7,0.8999999999999999,12,40,54.57971201819921
0.7,0.8999999999999999,12,80,92.75547310322972
0.7999999999999999,0.0,3,5,3.800024600750323
0.7999999999999999,0.0,3,10,5.799737165280394
0.7999999999999999,0.0,3,20,8.799817190263537
0.7999999999999999,0.0,3,40,15.800045928744833
0.7999999999999999,0.0,3,80,28.7998068896524
0.7999999999999999,0.0,6,5,3.798725025425675
0.7999999999999999,0.0,6,10,4.800133249966687
0.7999999999999999,0.0,6,20,6.7999229148044575
0.7999999999999999,0.0,6,40,10.799846262644898
0.7999999999999999,0.0,6,80,16.800187784572554
0.7999999999999999,0.0,12,5,3.798912508611357
0.7999999999999999,0.0,12,10,4.799943821722131
0.7999999999999999,0.0,12,20,6.80035785434959
0.7999999999999999,0.0,12,40,9.799157303370787
0.7999999999999999,0.0,12,80,13.79971747589934
0.7999999999999999,0.1,3,5,4.025388596551963
0.7999999999999999,0.1,3,10,5.947706199833933
0.7999999999999999,0.1,3,20,9.152673307143305
0.7999999999999999,0.1,3,40,16.177596290272348
0.7999999999999999,0.1,3,80,30.08416846227494
0.7999999999999999,0.1,6,5,4.021535774803748
0.7999999999999999,0.1,6,10,5.225909506507206
0.7999999999999999,0.1,6,20,7.34616874195398
0.7999999999999999,0.1,6,40,11.044705226131304
0.7999999999999999,0.1,6,80,17.59506196332152
0.7999999999999999,0.1,12,5,4.024759305554354
0.7999999999999999,0.1,12,10,5.225188231681738
0.7999999999999999,0.1,12,20,7.3454440936271554
0.7999999999999999,0.1,12,40,10.326330199043277
0.7999999999999999,0.1,12,80,14.340788933318924
0.7999999999999999,0.2,3,5,4.316231435972447
0.7999999999999999,0.2,3,10,6.239891678383779
0.7999999999999999,0.2,3,20,9.754254431289866
0.7999999999999999,0.2,3,40,17.122075811898352
0.7999999999999999,0.2,3,80,31.873039654299408
0.7999999999999999,0.2,6,5,4.314235441629124
0.7999999999999999,0.2,6,10,5.745821749568645
0.7999999999999999,0.2,6,20,8.024129938981233
0.7999999999999999,0.2,6,40,11.636203878623636
0.7999999999999999,0.2,6,80,18.529469882250044
0.7999999999999999,0.2,12,5,4.314124406025563
0.7999999999999999,0.2,12,10,5.740390503855815
0.7999999999999999,0.2,12,20,8.022231011011428
0.7999999999999999,0.2,12,40,11.153968708438008
0.7999999999999999,0.2,12,80,15.505402976315626
0.7999999999999999,0.30000000000000004,3,5,4.706974285390628
0.7999999999999999,0.30000000000000004,3,10,6.744102523894674
0.7999999999999999,0.30000000000000004,3,20,10.611052539763204
0.7999999999999999,0.30000000000000004,3,40,18.573907915351576
0.7999999999999999,0.30000000000000004,3,80,34.594483097240534
0.7999999999999999,0.30000000000000004,6,5,4.707890424613433
0.7999999999999999,0.30000000000000004,6,10,6.404097559003182
0.7999999999999999,0.30000000000000004,6,20,8.927979588743495
0.7999999999999999,0.30000000000000004,6,40,12.695235281342647
0.7999999999999999,0.30000000000000004,6,80,19.766421180105223
0.7999999999999999,0.30000000000000004,12,5,4.711298684605167
0.7999999999999999,0.30000000000000004,12,10,6.4049173292944594
0.7999999999999999,0.30000000000000004,12,20,8.926282278212144
0.7999999999999999,0.30000000000000004,12,40,12.38203951226417
0.7999999999999999,0.30000000000000004,12,80,17.231162835336132
0.7999999999999999,0.4,3,5,5.229190399497192
0.7999999999999999,0.4,3,10,7.49966220244009
0.7999999999999999,0.4,3,20,11.773500376188414
0.7999999999999999,0.4,3,40,20.55691439591852
0.7999999999999999,0.4,3,80,38.64689932701237
0.7999999999999999,0.4,6,5,5.233857982279399
0.7999999999999999,0.4,6,10,7.2690211152024355
0.7999999999999999,0.4,6,20,10.174262269929935
0.7999999999999999,0.4,6,40,14.326201353806265
0.7999999999999999,0.4,6,80,21.702104673609274
0.7999999999999999,0.4,12,5,5.233925347700649
0.7999999999999999,0.4,12,10,7.2680190133025135
0.7999999999999999,0.4,12,20,10.178265580960128
0.7999999999999999,0.4,12,40,14.174647702805846
0.7999999999999999,0.4,12,80,19.728202368137783
0.7999999999999999,0.5,3,5,5.93394013506232
0.7999999999999999,0.5,3,10,8.578625170323269
0.7999999999999999,0.5,3,20,13.263599729134025
0.7999999999999999,0.5,3,40,22.73678229305239
0.7999999999999999,0.5,3,80,42.70170025867644
0.7999999999999999,0.5,6,5,5.931215256356007
0.7999999999999999,0.5,6,10,8.434950159115665
0.7999999999999999,0.5,6,20,11.896789514999156
0.7999999999999999,0.5,6,40,16.792580711576907
0.7999999999999999,0.5,6,80,24.868457494678324
0.7999999999999999,0.5,12,5,5.921558768070396
0.7999999999999999,0.5,12,10,8.42233016094343
0.7999999999999999,0.5,12,20,11.877421066595915
0.7999999999999999,0.5,12,40,16.706985346610928
0.7999999999999999,0.5,12,80,23.428175539558794
0.7999999999999999,0.6,3,5,6.874242977717109
0.7999999999999999,0.6,3,10,10.047396909052061
0.7999999999999999,0.6,3,20,15.272316778050227
0.7999999999999999,0.6,3,40,25.547188901299922
0.7999999999999999,0.6,3,80,46.68194654152214
0.7999999999999999,0.6,6,5,6.866961038562462
0.7999999999999999,0.6,6,10,9.946075150209323
0.7999999999999999,0.6,6,20,14.171060478109654
0.7999999999999999,0.6,6,40,20.331966206888225
0.7999999999999999,0.6,6,80,29.723892947967546
0.7999999999999999,0.6,12,5,6.869047664775542
0.7999999999999999,0.6,12,10,9.953426351182669
0.7999999999999999,0.6,12,20,14.23331208122316
0.7999999999999999,0.6,12,40,20.339789702245724
0.7999999999999999,0.6,12,80,28.92125071210107
0.7999999999999999,0.7,3,5,8.195201115572331
0.7999999999999999,0.7,3,10,12.061169799790624
0.7999999999999999,0.7,3,20,18.25451442469827
0.7999999999999999,0.7,3,40,29.208787358897872
0.7999999999999999,0.7,3,80,51.03920793521172
0.7999999999999999,0.7,6,5,8.210146602708587
0.7999999999999999,0.7,6,10,11.999220385908975
0.7999999999999999,0.7,6,20,17.51723714818886
0.7999999999999999,0.7,6,40,25.503529946443972
0.7999999999999999,0.7,6,80,37.93139141122111
0.7999999999999999,0.7,12,5,8.192231525720274
0.7999999999999999,0.7,12,10,12.002913627466196
0.7999999999999999,0.7,12,20,17.53959448632042
0.7999999999999999,0.7,12,40,25.465708501606123
0.7999999999999999,0.7,12,80,37.73951165889753
0.7999999999999999,0.7999999999999999,3,5,10.426149767089516
0.7999999999999999,0.7999999999999999,3,10,14.963291635973095
0.7999999999999999,0.7999999999999999,3,20,23.11813245390837
0.7999999999999999,0.7999999999999999,3,40,36.291622366393995
0.7999999999999999,0.7999999999999999,3,80,60.29301392235413
0.7999999999999999,0.7999999999999999,6,5,10.431522763785068
0.7999999999999999,0.7999999999999999,6,10,14.997263700499582
0.7999999999999999,0.7999999999999999,6,20,22.78990980473116
0.7999999999999999,0.7999999999999999,6,40,34.97703745529832
0.7999999999999999,0.7999999999999999,6,80,53.721014811555946
0.7999999999999999,0.7999999999999999,12,5,10.42213922261953
0.7999999999999999,0.7999999999999999,12,10,14.933253939297982
0.7999999999999999,0.7999999999999999,12,20,22.692254141448583
0.7999999999999999,0.7999999999999999,12,40,34.61612802735578
0.7999999999999999,0.7999999999999999,12,80,53.875586407083794
0.7999999999999999,0.8999999999999999,3,5,16.056404606198466
0.7999999999999999,0.8999999999999999,3,10,21.225813467370685
0.7999999999999999,0.8999999999999999,3,20,32.16909226375264
0.7999999999999999,0.8999999999999999,3,40,55.18152591849594
0.7999999999999999,0.8999999999999999,3,80,93.61993662981028
0.7999999999999999,0.8999999999999999,6,5,16.038941764040707
0.7999999999999999,0.8999999999999999,6,10,21.20752984389348
0.7999999999999999,0.8999999999999999,6,20,32.333258776017395
0.7999999999999999,0.8999999999999999,6,40,54.6708415732806
0.7999999999999999,0.8999999999999999,6,80,89.91600173517543
0.7999999999999999,0.8999999999999999,12,5,16.068085459153462
0.7999999999999999,0.8999999999999999,12,10,21.33305018930201
0.7999999999999999,0.8999999999999999,12,20,32.030447145890506
0.7999999999999999,0.8999999999999999,12,40,55.115565004509726
0.7999999999999999,0.8999999999999999,12,80,93.13609044454446
0.8999999999999999,0.0,3,5,3.9004239077538116
0.8999999999999999,0.0,3,10,5.899788392993636
0.8999999999999999,0.0,3,20,8.900227053791035
0.8999999999999999,0.0,3,40,15.899840525120812
0.8999999999999999,0.0,3,80,28.89920086228046
0.8999999999999999,0.0,6,5,3.899977276246438
0.8999999999999999,0.0,6,10,4.89994248874911
0.8999999999999999,0.0,6,20,6.900489439055387
0.8999999999999999,0.0,6,40,10.900438246290795
0.8999999999999999,0.0,6,80,16.899766702867947
0.8999999999999999,0.0,12,5,3.899672944943721
0.8999999999999999,0.0,12,10,4.899876721227076
0.8999999999999999,0.0,12,20,6.899933431075017
0.8999999999999999,0.0,12,40,9.899530182175079
0.8999999999999999,0.0,12,80,13.899571205612139
0.8999999999999999,0.1,3,5,4.125375853633677
0.8999999999999999,0.1,3,10,6.049440058786925
0.8999999999999999,0.1,3,20,9.25465901848311
0.8999999999999999,0.1,3,40,16.277703587799063
0.8999999999999999,0.1,3,80,30.191808917197452
0.8999999999999999,0.1,6,5,4.124815545359387
0.8999999999999999,0.1,6,10,5.327601617817221
0.8999999999999999,0.1,6,20,7.449923223467496
0.8999999999999999,0.1,6,40,11.14593038693985
0.8999999999999999,0.1,6,80,17.698068125342473
0.8999999999999999,0.1,12,5,4.1248911320987185
0.8999999999999999,0.1,12,10,5.3279628803805394
0.8999999999999999,0.1,12,20,7.450251271224241
0.8999999999999999,0.1,12,40,10.429119196946084
0.8999999999999999,0.1,12,80,14.444850443319632
0.8999999999999999,0.2,3,5,4.421422106598869
0.8999999999999999,0.2,3,10,6.339279261671602
0.8999999999999999,0.2,3,20,9.869566206306748
0.8999999999999999,0.2,3,40,17.24423676154068
0.8999999999999999,0.2,3,80,32.03370699669682
0.8999999999999999,0.2,6,5,4.420066608318083
0.8999999999999999,0.2,6,10,5.8476818631520295
0.8999999999999999,0.2,6,20,8.127633339096725
0.8999999999999999,0.2,6,40,11.753155543017309
0.8999999999999999,0.2,6,80,18.637528276363803
0.8999999999999999,0.2,12,5,4.419215462556167
0.8999999999999999,0.2,12,10,5.846197935264938
0.8999999999999999,0.2,12,20,8.130917433904603
0.8999999999999999,0.2,12,40,11.270702084526505
0.8999999999999999,0.2,12,80,15.636443431773168
0.8999999999999999,0.30000000000000004,3,5,4.8147002960589935
0.8999999999999999,0.30000000000000004,3,10,6.851210658880449
0.8999999999999999,0.30000000000000004,3,20,10.734446769292084
0.8999999999999999,0.30000000000000004,3,40,18.752100735444635
0.8999999999999999,0.30000000000000004,3,80,35.04611709258118
0.8999999999999999,0.30000000000000004,6,5,4.815260167241508
0.8999999999999999,0.30000000000000004,6,10,6.517572059877379
0.8999999999999999,0.30000000000000004,6,20,9.050040367191938
0.8999999999999999,0.30000000000000004,6,40,12.826412545884534
0.8999999999999999,0.30000000000000004,6,80,19.908149565208728
0.8999999999999999,0.30000000000000004,12,5,4.816724773260214
0.8999999999999999,0.30000000000000004,12,10,6.5225779598835585
0.8999999999999999,0.30000000000000004,12,20,9.048016717060268
0.8999999999999999,0.30000000000000004,12,40,12.525993297513706
0.8999999999999999,0.30000000000000004,12,80,17.399977585455453
0.8999999999999999,0.4,3,5,5.350350547765605
0.8999999999999999,0.4,3,10,7.632555423283394
0.8999999999999999,0.4,3,20,11.937272629851268
0.8999999999999999,0.4,3,40,20.868681976907194
0.8999999999999999,0.4,3,80,39.36540120670951
0.8999999999999999,0.4,6,5,5.351651586600681
0.8999999999999999,0.4,6,10,7.402610545910229
0.8999999999999999,0.4,6,20,10.337291285372379
0.8999999999999999,0.4,6,40,14.543239748851438
0.8999999999999999,0.4,6,80,21.90310628205525
0.8999999999999999,0.4,12,5,5.341965631845935
0.8999999999999999,0.4,12,10,7.405891599068123
0.8999999999999999,0.4,12,20,10.333675674458913
0.8999999999999999,0.4,12,40,14.334472065419877
0.8999999999999999,0.4,12,80,19.96476748113951
0.8999999999999999,0.5,3,5,6.049188139837596
0.8999999999999999,0.5,3,10,8.71321155133291
0.8999999999999999,0.5,3,20,13.440678914605684
0.8999999999999999,0.5,3,40,23.080339742864933
0.8999999999999999,0.5,3,80,43.36933735950344
0.8999999999999999,0.5,6,5,6.046650511199064
0.8999999999999999,0.5,6,10,8.577288239554717
0.8999999999999999,0.5,6,20,12.04626122553746
0.8999999999999999,0.5,6,40,17.03473735212976
0.8999999999999999,0.5,6,80,25.1148264838373
0.8999999999999999,0.5,12,5,6.056198177909715
0.8999999999999999,0.5,12,10,8.569351884201831
0.8999999999999999,0.5,12,20,12.066226798429888
0.8999999999999999,0.5,12,40,16.961632545412588
0.8999999999999999,0.5,12,80,23.745362901898297
0.8999999999999999,0.6,3,5,6.987722346700809
0.8999999999999999,0.6,3,10,10.191536143867461
0.8999999999999999,0.6,3,20,15.435324932522
0.8999999999999999,0.6,3,40,25.658180248298347
0.8999999999999999,0.6,3,80,46.81028617985538
0.8999999999999999,0.6,6,5,6.991709373639551
0.8999999999999999,0.6,6,10,10.089824511634871
0.8999999999999999,0.6,6,20,14.366870088947389
0.8999999999999999,0.6,6,40,20.52891431962533
0.8999999999999999,0.6,6,80,30.04546203990043
0.8999999999999999,0.6,12,5,6.994997864942354
0.8999999999999999,0.6,12,10,10.114528594726185
0.8999999999999999,0.6,12,20,14.35605858111154
0.8999999999999999,0.6,12,40,20.43516246471645
0.8999999999999999,0.6,12,80,29.131005913824822
0.8999999999999999,0.7,3,5,8.321682266221785
0.8999999999999999,0.7,3,10,12.22014662800505
0.8999999999999999,0.7,3,20,18.38541952812624
0.8999999999999999,0.7,3,40,29.52157099013368
0.8999999999999999,0.7,3,80,51.97222856431225
0.8999999999999999,0.7,6,5,8.329737903708205
0.8999999999999999,0.7,6,10,12.134842043885834
0.8999999999999999,0.7,6,20,17.679992469573005
0.8999999999999999,0.7,6,40,25.953635909916493
0.8999999999999999,0.7,6,80,38.58512308481479
0.8999999999999999,0.7,12,5,8.330293882666998
0.8999999999999999,0.7,12,10,12.150569628468443
0.8999999999999999,0.7,12,20,17.710175627988452
0.8999999999999999,0.7,12,40,25.81749728502828
0.8999999999999999,0.7,12,80,37.87039994211976
0.8999999999999999,0.7999999999999999,3,5,10.566384152756
0.8999999999999999,0.7999999999999999,3,10,15.145665065976857
0.8999999999999999,0.7999999999999999,3,20,23.362460948594148
0.8999999999999999,0.7999999999999999,3,40,36.91224610672907
0.8999999999999999,0.7999999999999999,3,80,60.027736033499174
0.8999999999999999,0.7999999999999999,6,5,10.566740547156703
0.8999999999999999,0.7999999999999999,6,10,15.16534665027236
0.8999999999999999,0.7999999999999999,6,20,22.970534305573324
0.8999999999999999,0.7999999999999999,6,40,35.28818034118603
0.8999999999999999,0.7999999999999999,6,80,54.080998232632496
0.8999999999999999,0.7999999999999999,12,5,10.562082724030464
0.8999999999999999,0.7999999999999999,12,10,15.109854970808492
0.8999999999999999,0.7999999999999999,12,20,22.82714234213856
0.8999999999999999,0.7999999999999999,12,40,35.15933228867415
0.8999999999999999,0.7999999999999999,12,80,54.1034221761719
0.8999999999999999,0.8999999999999999,3,5,16.206295645197446
0.8999999999999999,0.8999999999999999,3,10,21.32591630903867
0.8999999999999999,0.8999999999999999,3,20,32.59187534226116
0.8999999999999999,0.8999999999999999,3,40,55.76379474755805
0.8999999999999999,0.8999999999999999,3,80,94.38668568334587
0.8999999999999999,0.8999999999999999,6,5,16.225236533292282
0.8999999999999999,0.8999999999999999,6,10,21.33207002346147
0.8999999999999999,0.8999999999999999,6,20,32.457236882955605
0.8999999999999999,0.8999999999999999,6,40,54.5436212187637
0.8999999999999999,0.8999999999999999,6,80,94.06217493151229
0.8999999999999999,0.8999999999999999,12,5,16.163930944148778
0.8999999999999999,0.8999999999999999,12,10,21.41117198436067
0.8999999999999999,0.8999999999999999,12,20,32.18106511806441
0.8999999999999999,0.8999999999999999,12,40,54.557685426570565
0.8999999999999999,0.8999999999999999,12,80,92.62827631578948
0.9999999999999999,0.0,3,5,3.999997999996
0.9999999999999999,0.0,3,10,5.999997999992
0.9999999999999999,0.0,3,20,8.999997999988
0.9999999999999999,0.0,3,40,15.999997999971999
0.9999999999999999,0.0,3,80,28.999997999947997
0.9999999999999999,0.0,6,5,3.999997999996
0.9999999999999999,0.0,6,10,4.999997999996
0.9999999999999999,0.0,6,20,6.999997999992
0.9999999999999999,0.0,6,40,10.999997999984
0.9999999999999999,0.0,6,80,16.999997999972
0.9999999999999999,0.0,12,5,3.999997999996
0.9999999999999999,0.0,12,10,4.999997999996
0.9999999999999999,0.0,12,20,6.999997999992
0.9999999999999999,0.0,12,40,9.999997999984
0.9999999999999999,0.0,12,80,13.999997999976
0.9999999999999999,0.1,3,5,4.223699990709695
0.9999999999999999,0.1,3,10,6.148999028593149
0.9999999999999999,0.1,3,20,9.355341931366478
0.9999999999999999,0.1,3,40,16.38005056105025
0.9999999999999999,0.1,3,80,30.296083494636836
0.9999999999999999,0.1,6,5,4.224207317459613
0.9999999999999999,0.1,6,10,5.427504665766274
0.9999999999999999,0.1,6,20,7.552464223894697
0.9999999999999999,0.1,6,40,11.244114907914438
0.9999999999999999,0.1,6,80,17.799198772803916
0.9999999999999999,0.1,12,5,4.224385823728083
0.9999999999999999,0.1,12,10,5.4278726230882794
0.9999999999999999,0.1,12,20,7.54975021915233
0.9999999999999999,0.1,12,40,10.527773436014852
0.9999999999999999,0.1,12,80,14.545404045631102
0.9999999999999999,0.2,3,5,4.52135498705484
0.9999999999999999,0.2,3,10,6.441393142371318
0.9999999999999999,0.2,3,20,9.967532937927288
0.9999999999999999,0.2,3,40,17.359106377486906
0.9999999999999999,0.2,3,80,32.15776511678969
0.9999999999999999,0.2,6,5,4.518243472363513
0.9999999999999999,0.2,6,10,5.949026790707363
0.9999999999999999,0.2,6,20,8.236804945825828
0.9999999999999999,0.2,6,40,11.852456567257088
0.9999999999999999,0.2,6,80,18.74157295744055
0.9999999999999999,0.2,12,5,4.520786627424277
0.9999999999999999,0.2,12,10,5.950220454859405
0.9999999999999999,0.2,12,20,8.232357223896754
0.9999999999999999,0.2,12,40,11.37888357646718
0.9999999999999999,0.2,12,80,15.73542447619565
0.9999999999999999,0.30000000000000004,3,5,4.91456672206158
0.9999999999999999,0.30000000000000004,3,10,6.9526822490199
0.9999999999999999,0.30000000000000004,3,20,10.860755784355359
0.9999999999999999,0.30000000000000004,3,40,18.917110957631287
0.9999999999999999,0.30000000000000004,3,80,35.19677237186137
0.9999999999999999,0.30000000000000004,6,5,4.916430321955847
0.9999999999999999,0.30000000000000004,6,10,6.620859297317269
0.9999999999999999,0.30000000000000004,6,20,9.158888921989195
0.9999999999999999,0.30000000000000004,6,40,12.93297717458971
0.9999999999999999,0.30000000000000004,6,80,20.02277978876382
0.9999999999999999,0.30000000000000004,12,5,4.917609318349764
0.9999999999999999,0.30000000000000004,12,10,6.618446755976876
0.9999999999999999,0.30000000000000004,12,20,9.157092314715573
0.9999999999999999,0.30000000000000004,12,40,12.640901839257847
0.9999999999999999,0.30000000000000004,12,80,17.4990979947443
0.9999999999999999,0.4,3,5,5.446678517420885
0.9999999999999999,0.4,3,10,7.725751386174327
0.9999999999999999,0.4,3,20,12.041406500272577
0.9999999999999999,0.4,3,40,20.958865360571618
0.9999999999999999,0.4,3,80,39.40631280158956
0.9999999999999999,0.4,6,5,5.460112622531708
0.9999999999999999,0.4,6,10,7.5242805956779755
0.9999999999999999,0.4,6,20,10.461216838867905
0.9999999999999999,0.4,6,40,14.661694182389937
0.9999999999999999,0.4,6,80,22.011612102422394
0.9999999999999999,0.4,12,5,5.4442849795092165
0.9999999999999999,0.4,12,10,7.524408310952164
0.9999999999999999,0.4,12,20,10.454607122034355
0.9999999999999999,0.4,12,40,14.477946357141855
0.9999999999999999,0.4,12,80,20.082613710670994
0.9999999999999999,0.5,3,5,6.156425098254565
0.9999999999999999,0.5,3,10,8.827861313154376
0.9999999999999999,0.5,3,20,13.607671608264468
0.9999999999999999,0.5,3,40,23.296954886968745
0.9999999999999999,0.5,3,80,43.63279591850399
0.9999999999999999,0.5,6,5,6.151141626742403
0.9999999999999999,0.5,6,10,8.696138701644132
0.9999999999999999,0.5,6,20,12.185634110858977
0.9999999999999999,0.5,6,40,17.177092412486555
0.9999999999999999,0.5,6,80,25.232221264046238
0.9999999999999999,0.5,12,5,6.149314204534596
0.9999999999999999,0.5,12,10,8.680368775209242
0.9999999999999999,0.5,12,20,12.190370905745919
0.9999999999999999,0.5,12,40,17.059663649996054
0.9999999999999999,0.5,12,80,23.87970871966241
0.9999999999999999,0.6,3,5,7.099104691326055
0.9999999999999999,0.6,3,10,10.297285058964817
0.9999999999999999,0.6,3,20,15.558178362375031
0.9999999999999999,0.6,3,40,26.036645649940574
0.9999999999999999,0.6,3,80,47.05706501820314
0.9999999999999999,0.6,6,5,7.097724036579887
0.9999999999999999,0.6,6,10,10.218578181145531
0.9999999999999999,0.6,6,20,14.526143191120969
0.9999999999999999,0.6,6,40,20.70659602457767
0.9999999999999999,0.6,6,80,30.210007392645924
0.9999999999999999,0.6,12,5,7.09081746750135
0.9999999999999999,0.6,12,10,10.233070351045887
0.9999999999999999,0.6,12,20,14.492183395685744
0.9999999999999999,0.6,12,40,20.58651242529601
0.9999999999999999,0.6,12,80,29.277750098440226
0.9999999999999999,0.7,3,5,8.428548932027716
0.9999999999999999,0.7,3,10,12.309043773058132
0.9999999999999999,0.7,3,20,18.656930882390434
0.9999999999999999,0.7,3,40,29.618370339877018
0.9999999999999999,0.7,3,80,51.800214661260384
0.9999999999999999,0.7,6,5,8.442302998396707
0.9999999999999999,0.7,6,10,12.267411976994467
0.9999999999999999,0.7,6,20,17.872780884285145
0.9999999999999999,0.7,6,40,25.99348309516946
0.9999999999999999,0.7,6,80,38.85592227979274
0.9999999999999999,0.7,12,5,8.431148658634845
0.9999999999999999,0.7,12,10,12.27358114504958
0.9999999999999999,0.7,12,20,17.833017501968655
0.9999999999999999,0.7,12,40,25.868260153085583
0.9999999999999999,0.7,12,80,38.25927305845339
0.9999999999999999,0.7999999999999999,3,5,10.663428884184983
0.9999999999999999,0.7999999999999999,3,10,15.221694009658526
0.9999999999999999,0.7999999999999999,3,20,23.480730826428722
0.9999999999999999,0.7999999999999999,3,40,37.19527285869172
0.9999999999999999,0.7999999999999999,3,80,60.793981128374995
0.9999999999999999,0.7999999999999999,6,5,10.687894002235849
0.9999999999999999,0.7999999999999999,6,10,15.254133113084176
0.9999999999999999,0.7999999999999999,6,20,23.163953480131255
0.9999999999999999,0.7999999999999999,6,40,34.966739391137246
0.9999999999999999,0.7999999999999999,6,80,54.430476720595884
0.9999999999999999,0.7999999999999999,12,5,10.702556014287703
0.9999999999999999,0.7999999999999999,12,10,15.242167317099984
0.9999999999999999,0.7999999999999999,12,20,23.13292153636673
0.9999999999999999,0.7999999999999999,12,40,34.99399014992081
0.9999999999999999,0.7999999999999999,12,80,54.74773744041071
0.9999999999999999,0.8999999999999999,3,5,16.263293219841504
0.9999999999999999,0.8999999999999999,3,10,21.45341704553655
0.9999999999999999,0.8999999999999999,3,20,32.53250586637026
0.9999999999999999,0.8999999999999999,3,40,54.83894218437388
0.9999999999999999,0.8999999999999999,3,80,93.43311140001839
0.9999999999999999,0.8999999999999999,6,5,16.32384983611196
0.9999999999999999,0.8999999999999999,6,10,21.518602464253853
0.9999999999999999,0.8999999999999999,6,20,32.323292773777005
0.9999999999999999,0.8999999999999999,6,40,54.916351381015716
0.9999999999999999,0.8999999999999999,6,80,93.6546090861067
0.9999999999999999,0.8999999999999999,12,5,16.322164674791473
0.9999999999999999,0.8999999999999999,12,10,21.570099788327788
0.9999999999999999,0.8999999999999999,12,20,32.27969382039953
0.9999999999999999,0.8999999999999999,12,40,54.466742029134444
0.9999999999999999,0.8999999999999999,12,80,93.71034674283901
